{
  "algo": "consensus",
  "labels": [
    [
      0.0,
      0.3,
      "sil"
    ],
    [
      0.3,
      0.65,
      "breath"
    ],
    [
      0.65,
      0.74,
      "sil"
    ],
    [
      0.74,
      0.78,
      "dh"
    ],
    [
      0.78,
      0.83,
      "@"
    ],
    [
      0.83,
      0.94,
      "s"
    ],
    [
      0.94,
      1.0,
      "i"
    ],
    [
      1.0,
      1.09,
      "s"
    ],
    [
      1.09,
      1.14,
      "t"
    ],
    [
      1.14,
      1.17,
      "@"
    ],
    [
      1.17,
      1.2,
      "m"
    ],
    [
      1.2,
      1.28,
      "m"
    ],
    [
      1.28,
      1.37,
      "ei"
    ],
    [
      1.37,
      1.45,
      "b"
    ],
    [
      1.45,
      1.51,
      "r"
    ],
    [
      1.51,
      1.58,
      "ei"
    ],
    [
      1.58,
      1.61,
      "k"
    ],
    [
      1.61,
      1.69,
      "d"
    ],
    [
      1.69,
      1.85,
      "ow"
    ],
    [
      1.85,
      1.89,
      "n"
    ],
    [
      1.89,
      2.02,
      "s"
    ],
    [
      2.02,
      2.15,
      "uu"
    ],
    [
      2.15,
      2.26,
      "n"
    ],
    [
      2.26,
      2.38,
      "s"
    ],
    [
      2.38,
      2.46,
      "ou"
    ],
    [
      2.46,
      2.58,
      "s"
    ],
    [
      2.58,
      2.72,
      "ei"
    ],
    [
      2.72,
      2.77,
      "v"
    ],
    [
      2.77,
      2.82,
      "y"
    ],
    [
      2.82,
      2.89,
      "oo"
    ],
    [
      2.89,
      2.99,
      "f"
    ],
    [
      2.99,
      3.15,
      "ai"
    ],
    [
      3.15,
      3.24,
      "l"
    ],
    [
      3.24,
      3.28,
      "z"
    ],
    [
      3.28,
      3.38,
      "f"
    ],
    [
      3.38,
      3.41,
      "r"
    ],
    [
      3.41,
      3.47,
      "ii"
    ],
    [
      3.47,
      3.58,
      "k"
    ],
    [
      3.58,
      3.61,
      "w"
    ],
    [
      3.61,
      3.64,
      "@"
    ],
    [
      3.64,
      3.67,
      "n"
    ],
    [
      3.67,
      3.7,
      "t"
    ],
    [
      3.7,
      3.74,
      "l"
    ],
    [
      3.74,
      3.81,
      "iy"
    ],
    [
      3.81,
      4.94,
      "sil"
    ]
  ],
  "noise_dataset": null,
  "sentence": "The system may break down soon, so save your files frequently.",
  "speaker": "msak0",
  "speech": "msak0_364",
  "speech_dataset": "mocha_timit"
}