{
  "algo": "consensus",
  "labels": [
    [
      0.0,
      0.06,
      "sil"
    ],
    [
      0.06,
      0.29,
      "breath"
    ],
    [
      0.29,
      0.75,
      "sil"
    ],
    [
      0.75,
      0.81,
      "dh"
    ],
    [
      0.81,
      0.88,
      "@"
    ],
    [
      0.88,
      1.03,
      "e"
    ],
    [
      1.03,
      1.09,
      "m"
    ],
    [
      1.09,
      1.23,
      "p"
    ],
    [
      1.23,
      1.26,
      "@"
    ],
    [
      1.26,
      1.34,
      "r"
    ],
    [
      1.34,
      1.37,
      "@"
    ],
    [
      1.37,
      1.48,
      "h"
    ],
    [
      1.48,
      1.55,
      "@"
    ],
    [
      1.55,
      1.63,
      "d"
    ],
    [
      1.63,
      1.68,
      "@"
    ],
    [
      1.68,
      1.77,
      "m"
    ],
    [
      1.77,
      1.97,
      "ii"
    ],
    [
      1.97,
      2.02,
      "n"
    ],
    [
      2.02,
      2.12,
      "t"
    ],
    [
      2.12,
      2.24,
      "e"
    ],
    [
      2.24,
      2.34,
      "m"
    ],
    [
      2.34,
      2.44,
      "p"
    ],
    [
      2.44,
      2.47,
      "@"
    ],
    [
      2.47,
      2.59,
      "r"
    ],
    [
      2.59,
      3.45,
      "sil"
    ]
  ],
  "noise_dataset": null,
  "sentence": "The emperor had a mean temper.",
  "speaker": "fjmw0",
  "speech": "fjmw0_129",
  "speech_dataset": "mocha_timit"
}