{
  "algo": "consensus",
  "labels": [
    [
      0.0,
      0.25,
      "sil"
    ],
    [
      0.25,
      0.53,
      "breath"
    ],
    [
      0.53,
      0.72,
      "sil"
    ],
    [
      0.72,
      0.79,
      "d"
    ],
    [
      0.79,
      0.9,
      "ou"
    ],
    [
      0.9,
      0.98,
      "dh"
    ],
    [
      0.98,
      1.1,
      "ei"
    ],
    [
      1.1,
      1.15,
      "@"
    ],
    [
      1.15,
      1.2,
      "l"
    ],
    [
      1.2,
      1.35,
      "ow"
    ],
    [
      1.35,
      1.51,
      "ei"
    ],
    [
      1.51,
      1.62,
      "th"
    ],
    [
      1.62,
      1.67,
      "ii"
    ],
    [
      1.67,
      1.71,
      "i"
    ],
    [
      1.71,
      1.8,
      "s"
    ],
    [
      1.8,
      1.84,
      "t"
    ],
    [
      1.84,
      1.88,
      "s"
    ],
    [
      1.88,
      1.92,
      "i"
    ],
    [
      1.92,
      2.02,
      "n"
    ],
    [
      2.02,
      2.11,
      "ch"
    ],
    [
      2.11,
      2.31,
      "@@"
    ],
    [
      2.31,
      2.5,
      "ch"
    ],
    [
      2.5,
      3.45,
      "sil"
    ]
  ],
  "noise_dataset": null,
  "sentence": "Do they allow atheists in church?",
  "speaker": "msak0",
  "speech": "msak0_259",
  "speech_dataset": "mocha_timit"
}