{
  "algo": "consensus",
  "labels": [
    [
      0.0,
      0.24,
      "sil"
    ],
    [
      0.24,
      0.44,
      "breath"
    ],
    [
      0.44,
      0.58,
      "sil"
    ],
    [
      0.58,
      0.7,
      "@"
    ],
    [
      0.7,
      0.73,
      "z"
    ],
    [
      0.73,
      0.87,
      "k"
    ],
    [
      0.87,
      0.92,
      "ou"
    ],
    [
      0.92,
      1.1,
      "oo"
    ],
    [
      1.1,
      1.2,
      "th"
    ],
    [
      1.2,
      1.33,
      "@"
    ],
    [
      1.33,
      1.4,
      "z"
    ],
    [
      1.4,
      1.46,
      "w"
    ],
    [
      1.46,
      1.53,
      "ii"
    ],
    [
      1.53,
      1.62,
      "p"
    ],
    [
      1.62,
      1.65,
      "r"
    ],
    [
      1.65,
      1.68,
      "i"
    ],
    [
      1.68,
      1.73,
      "z"
    ],
    [
      1.73,
      1.79,
      "e"
    ],
    [
      1.79,
      1.84,
      "n"
    ],
    [
      1.84,
      1.96,
      "t"
    ],
    [
      1.96,
      2.01,
      "i"
    ],
    [
      2.01,
      2.04,
      "d"
    ],
    [
      2.04,
      2.08,
      "ow"
    ],
    [
      2.08,
      2.17,
      "n"
    ],
    [
      2.17,
      2.25,
      "y"
    ],
    [
      2.25,
      2.31,
      "uu"
    ],
    [
      2.31,
      2.38,
      "b"
    ],
    [
      2.38,
      2.47,
      "u"
    ],
    [
      2.47,
      2.5,
      "k"
    ],
    [
      2.5,
      2.59,
      "t"
    ],
    [
      2.59,
      2.64,
      "@"
    ],
    [
      2.64,
      2.67,
      "dh"
    ],
    [
      2.67,
      2.72,
      "@"
    ],
    [
      2.72,
      2.77,
      "h"
    ],
    [
      2.77,
      2.88,
      "oo"
    ],
    [
      2.88,
      2.99,
      "t"
    ],
    [
      2.99,
      3.07,
      "iy"
    ],
    [
      3.07,
      3.19,
      "oo"
    ],
    [
      3.19,
      3.25,
      "d"
    ],
    [
      3.25,
      3.33,
      "ii"
    ],
    [
      3.33,
      3.36,
      "@"
    ],
    [
      3.36,
      3.45,
      "n"
    ],
    [
      3.45,
      3.6,
      "s"
    ],
    [
      3.6,
      4.45,
      "sil"
    ]
  ],
  "noise_dataset": null,
  "sentence": "As co-authors, we presented our new book to the haughty audience.",
  "speaker": "msak0",
  "speech": "msak0_162",
  "speech_dataset": "mocha_timit"
}