{
  "algo": "consensus",
  "labels": [
    [
      0.0,
      0.15,
      "sil"
    ],
    [
      0.15,
      0.4,
      "breath"
    ],
    [
      0.4,
      0.59,
      "sil"
    ],
    [
      0.59,
      0.66,
      "@"
    ],
    [
      0.66,
      0.8,
      "t"
    ],
    [
      0.8,
      0.87,
      "uu"
    ],
    [
      0.87,
      0.94,
      "th"
    ],
    [
      0.94,
      1.02,
      "p"
    ],
    [
      1.02,
      1.12,
      "ei"
    ],
    [
      1.12,
      1.2,
      "s"
    ],
    [
      1.2,
      1.27,
      "t"
    ],
    [
      1.27,
      1.38,
      "t"
    ],
    [
      1.38,
      1.41,
      "y"
    ],
    [
      1.41,
      1.48,
      "uu"
    ],
    [
      1.48,
      1.55,
      "b"
    ],
    [
      1.55,
      1.68,
      "sh"
    ],
    [
      1.68,
      1.72,
      "u"
    ],
    [
      1.72,
      1.75,
      "d"
    ],
    [
      1.75,
      1.79,
      "b"
    ],
    [
      1.79,
      1.82,
      "ii"
    ],
    [
      1.82,
      1.95,
      "s"
    ],
    [
      1.95,
      2.04,
      "k"
    ],
    [
      2.04,
      2.09,
      "w"
    ],
    [
      2.09,
      2.19,
      "ii"
    ],
    [
      2.19,
      2.24,
      "z"
    ],
    [
      2.24,
      2.28,
      "d"
    ],
    [
      2.28,
      2.36,
      "f"
    ],
    [
      2.36,
      2.39,
      "r"
    ],
    [
      2.39,
      2.42,
      "@"
    ],
    [
      2.42,
      2.49,
      "m"
    ],
    [
      2.49,
      2.52,
      "dh"
    ],
    [
      2.52,
      2.55,
      "@"
    ],
    [
      2.55,
      2.63,
      "b"
    ],
    [
      2.63,
      2.76,
      "o"
    ],
    [
      2.76,
      2.89,
      "t"
    ],
    [
      2.89,
      2.94,
      "@"
    ],
    [
      2.94,
      3.0,
      "m"
    ],
    [
      3.0,
      3.7,
      "sil"
    ]
  ],
  "noise_dataset": null,
  "sentence": "A toothpaste tube should be squeezed from the bottom.",
  "speaker": "ffes0",
  "speech": "ffes0_436",
  "speech_dataset": "mocha_timit"
}