{
  "algo": "consensus",
  "labels": [
    [
      0.0,
      0.06,
      "sil"
    ],
    [
      0.06,
      0.48,
      "breath"
    ],
    [
      0.48,
      0.96,
      "sil"
    ],
    [
      0.96,
      1.02,
      "dh"
    ],
    [
      1.02,
      1.21,
      "ou"
    ],
    [
      1.21,
      1.32,
      "z"
    ],
    [
      1.32,
      1.37,
      "h"
    ],
    [
      1.37,
      1.43,
      "uu"
    ],
    [
      1.43,
      1.48,
      "@"
    ],
    [
      1.48,
      1.52,
      "n"
    ],
    [
      1.52,
      1.65,
      "o"
    ],
    [
      1.65,
      1.7,
      "t"
    ],
    [
      1.7,
      1.82,
      "p"
    ],
    [
      1.82,
      1.87,
      "y"
    ],
    [
      1.87,
      1.95,
      "uu"
    ],
    [
      1.95,
      1.98,
      "@"
    ],
    [
      1.98,
      2.13,
      "r"
    ],
    [
      2.13,
      2.19,
      "i"
    ],
    [
      2.19,
      2.38,
      "s"
    ],
    [
      2.38,
      2.44,
      "t"
    ],
    [
      2.44,
      2.57,
      "s"
    ],
    [
      2.57,
      2.68,
      "y"
    ],
    [
      2.68,
      2.75,
      "uu"
    ],
    [
      2.75,
      2.84,
      "s"
    ],
    [
      2.84,
      2.96,
      "k"
    ],
    [
      2.96,
      3.07,
      "a"
    ],
    [
      3.07,
      3.14,
      "n"
    ],
    [
      3.14,
      3.17,
      "d"
    ],
    [
      3.17,
      3.24,
      "v"
    ],
    [
      3.24,
      3.37,
      "e"
    ],
    [
      3.37,
      3.44,
      "jh"
    ],
    [
      3.44,
      3.55,
      "t"
    ],
    [
      3.55,
      3.58,
      "@"
    ],
    [
      3.58,
      3.63,
      "b"
    ],
    [
      3.63,
      3.75,
      "l"
    ],
    [
      3.75,
      3.83,
      "z"
    ],
    [
      3.83,
      3.9,
      "w"
    ],
    [
      3.9,
      3.95,
      "e"
    ],
    [
      3.95,
      4.03,
      "n"
    ],
    [
      4.03,
      4.06,
      "m"
    ],
    [
      4.06,
      4.2,
      "ei"
    ],
    [
      4.2,
      4.33,
      "k"
    ],
    [
      4.33,
      4.37,
      "i"
    ],
    [
      4.37,
      4.48,
      "ng"
    ],
    [
      4.48,
      4.68,
      "s"
    ],
    [
      4.68,
      4.71,
      "t"
    ],
    [
      4.71,
      4.85,
      "y"
    ],
    [
      4.85,
      5.06,
      "uu"
    ],
    [
      5.06,
      5.95,
      "sil"
    ]
  ],
  "noise_dataset": null,
  "sentence": "Those who are not purists use canned vegetables when making stew.",
  "speaker": "fjmw0",
  "speech": "fjmw0_437",
  "speech_dataset": "mocha_timit"
}