{
  "algo": "consensus",
  "labels": [
    [
      0.0,
      0.16,
      "sil"
    ],
    [
      0.16,
      0.35,
      "breath"
    ],
    [
      0.35,
      0.9,
      "sil"
    ],
    [
      0.9,
      0.97,
      "k"
    ],
    [
      0.97,
      1.09,
      "a"
    ],
    [
      1.09,
      1.13,
      "n"
    ],
    [
      1.13,
      1.16,
      "dh"
    ],
    [
      1.16,
      1.19,
      "@"
    ],
    [
      1.19,
      1.49,
      "ei"
    ],
    [
      1.49,
      1.6,
      "jh"
    ],
    [
      1.6,
      1.63,
      "@"
    ],
    [
      1.63,
      1.72,
      "n"
    ],
    [
      1.72,
      1.85,
      "s"
    ],
    [
      1.85,
      1.93,
      "iy"
    ],
    [
      1.93,
      2.05,
      "ou"
    ],
    [
      2.05,
      2.12,
      "v"
    ],
    [
      2.12,
      2.18,
      "@"
    ],
    [
      2.18,
      2.31,
      "th"
    ],
    [
      2.31,
      2.4,
      "r"
    ],
    [
      2.4,
      2.56,
      "ou"
    ],
    [
      2.56,
      2.74,
      "ei"
    ],
    [
      2.74,
      2.78,
      "l"
    ],
    [
      2.78,
      2.88,
      "ii"
    ],
    [
      2.88,
      2.91,
      "@"
    ],
    [
      2.91,
      3.0,
      "n"
    ],
    [
      3.0,
      3.12,
      "f"
    ],
    [
      3.12,
      3.29,
      "oo"
    ],
    [
      3.29,
      3.41,
      "s"
    ],
    [
      3.41,
      3.54,
      "i"
    ],
    [
      3.54,
      3.72,
      "z"
    ],
    [
      3.72,
      4.45,
      "sil"
    ]
  ],
  "noise_dataset": null,
  "sentence": "Can the agency overthrow alien forces?",
  "speaker": "fjmw0",
  "speech": "fjmw0_267",
  "speech_dataset": "mocha_timit"
}