{
  "algo": "consensus",
  "labels": [
    [
      0.0,
      0.63,
      "sil"
    ],
    [
      0.63,
      1.03,
      "breath"
    ],
    [
      1.03,
      1.36,
      "sil"
    ],
    [
      1.36,
      1.44,
      "dh"
    ],
    [
      1.44,
      1.57,
      "ei"
    ],
    [
      1.57,
      1.6,
      "i"
    ],
    [
      1.6,
      1.69,
      "n"
    ],
    [
      1.69,
      1.75,
      "jh"
    ],
    [
      1.75,
      1.99,
      "oi"
    ],
    [
      1.99,
      2.03,
      "i"
    ],
    [
      2.03,
      2.06,
      "t"
    ],
    [
      2.06,
      2.14,
      "w"
    ],
    [
      2.14,
      2.2,
      "e"
    ],
    [
      2.2,
      2.23,
      "n"
    ],
    [
      2.23,
      2.46,
      "ai"
    ],
    [
      2.46,
      2.6,
      "oo"
    ],
    [
      2.6,
      2.67,
      "d"
    ],
    [
      2.67,
      2.77,
      "i"
    ],
    [
      2.77,
      2.93,
      "sh"
    ],
    [
      2.93,
      3.11,
      "n"
    ],
    [
      3.11,
      3.93,
      "sil"
    ]
  ],
  "noise_dataset": null,
  "sentence": "They enjoy it when I audition.",
  "speaker": "fjmw0",
  "speech": "fjmw0_198",
  "speech_dataset": "mocha_timit"
}