{
  "algo": "consensus",
  "labels": [
    [
      0.0,
      0.29,
      "sil"
    ],
    [
      0.29,
      0.37,
      "breath"
    ],
    [
      0.37,
      0.59,
      "sil"
    ],
    [
      0.59,
      0.71,
      "ch"
    ],
    [
      0.71,
      0.82,
      "ii"
    ],
    [
      0.82,
      0.91,
      "p"
    ],
    [
      0.91,
      0.98,
      "s"
    ],
    [
      0.98,
      1.04,
      "t"
    ],
    [
      1.04,
      1.14,
      "o"
    ],
    [
      1.14,
      1.22,
      "k"
    ],
    [
      1.22,
      1.26,
      "i"
    ],
    [
      1.26,
      1.38,
      "ng"
    ],
    [
      1.38,
      1.42,
      "z"
    ],
    [
      1.42,
      1.48,
      "r"
    ],
    [
      1.48,
      1.54,
      "uh"
    ],
    [
      1.54,
      1.61,
      "n"
    ],
    [
      1.61,
      1.64,
      "dh"
    ],
    [
      1.64,
      1.67,
      "@"
    ],
    [
      1.67,
      1.76,
      "f"
    ],
    [
      1.76,
      1.87,
      "@@"
    ],
    [
      1.87,
      1.92,
      "s"
    ],
    [
      1.92,
      2.0,
      "t"
    ],
    [
      2.0,
      2.03,
      "t"
    ],
    [
      2.03,
      2.13,
      "ai"
    ],
    [
      2.13,
      2.19,
      "m"
    ],
    [
      2.19,
      2.22,
      "dh"
    ],
    [
      2.22,
      2.31,
      "eir"
    ],
    [
      2.31,
      2.34,
      "w"
    ],
    [
      2.34,
      2.61,
      "oo"
    ],
    [
      2.61,
      2.72,
      "n"
    ],
    [
      2.72,
      3.95,
      "sil"
    ]
  ],
  "noise_dataset": null,
  "sentence": "Cheap stockings run the first time they're worn.",
  "speaker": "msak0",
  "speech": "msak0_309",
  "speech_dataset": "mocha_timit"
}