{
  "algo": "consensus",
  "labels": [
    [
      0.0,
      0.06,
      "sil"
    ],
    [
      0.06,
      0.62,
      "breath"
    ],
    [
      0.62,
      0.76,
      "sil"
    ],
    [
      0.76,
      0.84,
      "@"
    ],
    [
      0.84,
      0.98,
      "l"
    ],
    [
      0.98,
      1.16,
      "ow"
    ],
    [
      1.16,
      1.28,
      "l"
    ],
    [
      1.28,
      1.4,
      "ii"
    ],
    [
      1.4,
      1.5,
      "w"
    ],
    [
      1.5,
      1.63,
      "ei"
    ],
    [
      1.63,
      1.73,
      "h"
    ],
    [
      1.73,
      1.89,
      "i@"
    ],
    [
      1.89,
      2.02,
      "r"
    ],
    [
      2.02,
      2.95,
      "sil"
    ]
  ],
  "noise_dataset": null,
  "sentence": "Allow leeway here.",
  "speaker": "mjjn0",
  "speech": "mjjn0_234",
  "speech_dataset": "mocha_timit"
}