{
  "algo": "consensus",
  "labels": [
    [
      0.0,
      0.1,
      "sil"
    ],
    [
      0.1,
      0.4,
      "breath"
    ],
    [
      0.4,
      0.73,
      "sil"
    ],
    [
      0.73,
      0.78,
      "b"
    ],
    [
      0.78,
      0.88,
      "i"
    ],
    [
      0.88,
      0.93,
      "b"
    ],
    [
      0.93,
      0.98,
      "l"
    ],
    [
      0.98,
      1.03,
      "i"
    ],
    [
      1.03,
      1.13,
      "k"
    ],
    [
      1.13,
      1.23,
      "l"
    ],
    [
      1.23,
      1.37,
      "s"
    ],
    [
      1.37,
      1.43,
      "k"
    ],
    [
      1.43,
      1.61,
      "o"
    ],
    [
      1.61,
      1.69,
      "l"
    ],
    [
      1.69,
      1.72,
      "@"
    ],
    [
      1.72,
      1.88,
      "z"
    ],
    [
      1.88,
      2.07,
      "aa"
    ],
    [
      2.07,
      2.14,
      "g"
    ],
    [
      2.14,
      2.22,
      "y"
    ],
    [
      2.22,
      2.29,
      "uu"
    ],
    [
      2.29,
      2.34,
      "h"
    ],
    [
      2.34,
      2.41,
      "i"
    ],
    [
      2.41,
      2.58,
      "s"
    ],
    [
      2.58,
      2.65,
      "t"
    ],
    [
      2.65,
      2.69,
      "@"
    ],
    [
      2.69,
      2.74,
      "r"
    ],
    [
      2.74,
      2.9,
      "iy"
    ],
    [
      2.9,
      3.95,
      "sil"
    ]
  ],
  "noise_dataset": null,
  "sentence": "Biblical scholars argue history.",
  "speaker": "fjmw0",
  "speech": "fjmw0_042",
  "speech_dataset": "mocha_timit"
}