{
  "algo": "consensus",
  "labels": [
    [
      0.0,
      0.27,
      "sil"
    ],
    [
      0.27,
      0.42,
      "breath"
    ],
    [
      0.42,
      0.55,
      "sil"
    ],
    [
      0.55,
      0.63,
      "d"
    ],
    [
      0.63,
      0.7,
      "i"
    ],
    [
      0.7,
      0.75,
      "d"
    ],
    [
      0.75,
      0.83,
      "y"
    ],
    [
      0.83,
      0.91,
      "uu"
    ],
    [
      0.91,
      1.03,
      "ii"
    ],
    [
      1.03,
      1.07,
      "t"
    ],
    [
      1.07,
      1.13,
      "l"
    ],
    [
      1.13,
      1.21,
      "uh"
    ],
    [
      1.21,
      1.31,
      "n"
    ],
    [
      1.31,
      1.44,
      "ch"
    ],
    [
      1.44,
      1.49,
      "y"
    ],
    [
      1.49,
      1.54,
      "e"
    ],
    [
      1.54,
      1.64,
      "s"
    ],
    [
      1.64,
      1.72,
      "t"
    ],
    [
      1.72,
      1.77,
      "@"
    ],
    [
      1.77,
      1.8,
      "r"
    ],
    [
      1.8,
      1.86,
      "d"
    ],
    [
      1.86,
      1.97,
      "ei"
    ],
    [
      1.97,
      2.95,
      "sil"
    ]
  ],
  "noise_dataset": null,
  "sentence": "Did you eat lunch yesterday?",
  "speaker": "ffes0",
  "speech": "ffes0_070",
  "speech_dataset": "mocha_timit"
}