{
  "BEG": "0",
  "DAT": "15/3/95",
  "DIR": "ENGLISH",
  "ELF": "",
  "END": "543500",
  "EXP": "FP",
  "FIL": "label",
  "LBD": "",
  "LHD": "1.1",
  "SAM": "20000",
  "SRC": "m3nw0000.pes",
  "TYP": "orthographic",
  "algo": "consensus",
  "noise_dataset": null,
  "samplerate": "20000",
  "speech": "m3nw0000",
  "speech_dataset": "keele",
  "transcription": [
    {
      "begin": 2200,
      "end": 100990,
      "text": "the northwind and the sun were disputing which was the stronger when a traveller came along, wrapped in a warm cloak."
    },
    {
      "begin": 114660,
      "end": 220950,
      "text": "They agreed that the one who first succeded in making the traveller take his cloak off should be considered stronger than the other."
    },
    {
      "begin": 239080,
      "end": 394700,
      "text": "then the northwind blew as hard he could but the more he blew the more closely didthe traveller fold his cloak around him and at last the northwind gave up the attempt."
    },
    {
      "begin": 410790,
      "end": 542210,
      "text": "then the sun shone out warmly and immediately the traveller took off his cloak and so the northwind was obliged to confess that the sun was the stronger of the two."
    }
  ]
}