{
  "algo": "consensus",
  "labels": [
    [
      0.0,
      0.07,
      "sil"
    ],
    [
      0.07,
      0.71,
      "breath"
    ],
    [
      0.71,
      0.89,
      "sil"
    ],
    [
      0.89,
      1.04,
      "@"
    ],
    [
      1.04,
      1.07,
      "t"
    ],
    [
      1.07,
      1.2,
      "t"
    ],
    [
      1.2,
      1.28,
      "w"
    ],
    [
      1.28,
      1.41,
      "ai"
    ],
    [
      1.41,
      1.52,
      "l"
    ],
    [
      1.52,
      1.65,
      "ai"
    ],
    [
      1.65,
      1.72,
      "t"
    ],
    [
      1.72,
      1.76,
      "o"
    ],
    [
      1.76,
      1.81,
      "n"
    ],
    [
      1.81,
      1.84,
      "dh"
    ],
    [
      1.84,
      1.89,
      "@"
    ],
    [
      1.89,
      1.95,
      "t"
    ],
    [
      1.95,
      2.05,
      "w"
    ],
    [
      2.05,
      2.08,
      "e"
    ],
    [
      2.08,
      2.17,
      "l"
    ],
    [
      2.17,
      2.24,
      "f"
    ],
    [
      2.24,
      2.3,
      "th"
    ],
    [
      2.3,
      2.38,
      "d"
    ],
    [
      2.38,
      2.57,
      "ei"
    ],
    [
      2.57,
      2.66,
      "w"
    ],
    [
      2.66,
      2.69,
      "ii"
    ],
    [
      2.69,
      2.75,
      "l"
    ],
    [
      2.75,
      2.79,
      "h"
    ],
    [
      2.79,
      2.85,
      "@"
    ],
    [
      2.85,
      2.91,
      "v"
    ],
    [
      2.91,
      3.03,
      "sh"
    ],
    [
      3.03,
      3.07,
      "@"
    ],
    [
      3.07,
      3.18,
      "b"
    ],
    [
      3.18,
      3.28,
      "l"
    ],
    [
      3.28,
      3.42,
      "ii"
    ],
    [
      3.42,
      4.2,
      "sil"
    ]
  ],
  "noise_dataset": null,
  "sentence": "At twilight on the twelfth day we'll have Chablis.",
  "speaker": "mjjn0",
  "speech": "mjjn0_049",
  "speech_dataset": "mocha_timit"
}