{
  "algo": "consensus",
  "labels": [
    [
      0.0,
      0.1,
      "sil"
    ],
    [
      0.1,
      0.41,
      "breath"
    ],
    [
      0.41,
      0.61,
      "sil"
    ],
    [
      0.61,
      0.68,
      "dh"
    ],
    [
      0.68,
      0.74,
      "ei"
    ],
    [
      0.74,
      0.85,
      "o"
    ],
    [
      0.85,
      0.97,
      "f"
    ],
    [
      0.97,
      1.04,
      "n"
    ],
    [
      1.04,
      1.08,
      "g"
    ],
    [
      1.08,
      1.13,
      "ou"
    ],
    [
      1.13,
      1.36,
      "ow"
    ],
    [
      1.36,
      1.48,
      "t"
    ],
    [
      1.48,
      1.53,
      "i"
    ],
    [
      1.53,
      1.6,
      "n"
    ],
    [
      1.6,
      1.63,
      "dh"
    ],
    [
      1.63,
      1.66,
      "@"
    ],
    [
      1.66,
      1.89,
      "ii"
    ],
    [
      1.89,
      2.0,
      "v"
    ],
    [
      2.0,
      2.05,
      "n"
    ],
    [
      2.05,
      2.08,
      "i"
    ],
    [
      2.08,
      2.32,
      "ng"
    ],
    [
      2.32,
      3.2,
      "sil"
    ]
  ],
  "noise_dataset": null,
  "sentence": "They often go out in the evening.",
  "speaker": "fjmw0",
  "speech": "fjmw0_191",
  "speech_dataset": "mocha_timit"
}