{
  "algo": "consensus",
  "labels": [
    [
      0.0,
      0.12,
      "sil"
    ],
    [
      0.12,
      0.16,
      "breath"
    ],
    [
      0.16,
      0.3,
      "sil"
    ],
    [
      0.3,
      0.35,
      "dh"
    ],
    [
      0.35,
      0.4,
      "@"
    ],
    [
      0.4,
      0.52,
      "p"
    ],
    [
      0.52,
      0.58,
      "r"
    ],
    [
      0.58,
      0.75,
      "ow"
    ],
    [
      0.75,
      0.95,
      "l"
    ],
    [
      0.95,
      0.98,
      "@"
    ],
    [
      0.98,
      1.06,
      "w"
    ],
    [
      1.06,
      1.14,
      "oo"
    ],
    [
      1.14,
      1.17,
      "r"
    ],
    [
      1.17,
      1.22,
      "@"
    ],
    [
      1.22,
      1.36,
      "s"
    ],
    [
      1.36,
      1.42,
      "k"
    ],
    [
      1.42,
      1.56,
      "ii"
    ],
    [
      1.56,
      1.65,
      "m"
    ],
    [
      1.65,
      1.82,
      "aa"
    ],
    [
      1.82,
      1.92,
      "s"
    ],
    [
      1.92,
      2.0,
      "k"
    ],
    [
      2.0,
      2.06,
      "f"
    ],
    [
      2.06,
      2.11,
      "@"
    ],
    [
      2.11,
      2.16,
      "d"
    ],
    [
      2.16,
      2.19,
      "i"
    ],
    [
      2.19,
      2.3,
      "s"
    ],
    [
      2.3,
      2.37,
      "g"
    ],
    [
      2.37,
      2.64,
      "ai"
    ],
    [
      2.64,
      2.83,
      "z"
    ],
    [
      2.83,
      3.76,
      "sil"
    ]
  ],
  "noise_dataset": null,
  "sentence": "The prowler wore a ski mask for disguise.",
  "speaker": "fsew0",
  "speech": "fsew0_057",
  "speech_dataset": "mocha_timit"
}