{
  "algo": "consensus",
  "labels": [
    [
      0.0,
      0.15,
      "sil"
    ],
    [
      0.15,
      1.13,
      "breath"
    ],
    [
      1.13,
      1.17,
      "sil"
    ],
    [
      1.17,
      1.33,
      "r"
    ],
    [
      1.33,
      1.41,
      "e"
    ],
    [
      1.41,
      1.47,
      "d"
    ],
    [
      1.47,
      1.53,
      "i"
    ],
    [
      1.53,
      1.65,
      "ng"
    ],
    [
      1.65,
      1.69,
      "i"
    ],
    [
      1.69,
      1.78,
      "n"
    ],
    [
      1.78,
      1.89,
      "p"
    ],
    [
      1.89,
      2.01,
      "oo"
    ],
    [
      2.01,
      2.06,
      "r"
    ],
    [
      2.06,
      2.15,
      "l"
    ],
    [
      2.15,
      2.3,
      "ai"
    ],
    [
      2.3,
      2.36,
      "t"
    ],
    [
      2.36,
      2.46,
      "g"
    ],
    [
      2.46,
      2.54,
      "i"
    ],
    [
      2.54,
      2.57,
      "v"
    ],
    [
      2.57,
      2.63,
      "z"
    ],
    [
      2.63,
      2.68,
      "y"
    ],
    [
      2.68,
      2.74,
      "uu"
    ],
    [
      2.74,
      2.9,
      "ai"
    ],
    [
      2.9,
      3.0,
      "s"
    ],
    [
      3.0,
      3.07,
      "t"
    ],
    [
      3.07,
      3.15,
      "r"
    ],
    [
      3.15,
      3.23,
      "ei"
    ],
    [
      3.23,
      3.31,
      "n"
    ],
    [
      3.31,
      4.2,
      "sil"
    ]
  ],
  "noise_dataset": null,
  "sentence": "Reading in poor light gives you eyestrain.",
  "speaker": "mjjn0",
  "speech": "mjjn0_253",
  "speech_dataset": "mocha_timit"
}