{
  "algo": "consensus",
  "labels": [
    [
      0.0,
      0.07,
      "sil"
    ],
    [
      0.07,
      1.02,
      "breath"
    ],
    [
      1.02,
      1.05,
      "sil"
    ],
    [
      1.05,
      1.17,
      "r"
    ],
    [
      1.17,
      1.25,
      "o"
    ],
    [
      1.25,
      1.32,
      "k"
    ],
    [
      1.32,
      1.36,
      "@"
    ],
    [
      1.36,
      1.42,
      "n"
    ],
    [
      1.42,
      1.52,
      "r"
    ],
    [
      1.52,
      1.55,
      "ou"
    ],
    [
      1.55,
      1.63,
      "l"
    ],
    [
      1.63,
      1.73,
      "m"
    ],
    [
      1.73,
      1.8,
      "y"
    ],
    [
      1.8,
      1.83,
      "uu"
    ],
    [
      1.83,
      1.9,
      "z"
    ],
    [
      1.9,
      1.98,
      "i"
    ],
    [
      1.98,
      2.05,
      "k"
    ],
    [
      2.05,
      2.08,
      "h"
    ],
    [
      2.08,
      2.14,
      "@"
    ],
    [
      2.14,
      2.19,
      "z"
    ],
    [
      2.19,
      2.26,
      "@"
    ],
    [
      2.26,
      2.41,
      "g"
    ],
    [
      2.41,
      2.51,
      "r"
    ],
    [
      2.51,
      2.62,
      "ei"
    ],
    [
      2.62,
      2.65,
      "t"
    ],
    [
      2.65,
      2.75,
      "r"
    ],
    [
      2.75,
      2.8,
      "i"
    ],
    [
      2.8,
      2.85,
      "dh"
    ],
    [
      2.85,
      2.91,
      "@"
    ],
    [
      2.91,
      3.04,
      "m"
    ],
    [
      3.04,
      3.95,
      "sil"
    ]
  ],
  "noise_dataset": null,
  "sentence": "Rock-and-roll music has a great rhythm.",
  "speaker": "mjjn0",
  "speech": "mjjn0_302",
  "speech_dataset": "mocha_timit"
}