{
  "algo": "consensus",
  "labels": [
    [
      0.0,
      0.06,
      "sil"
    ],
    [
      0.06,
      0.32,
      "breath"
    ],
    [
      0.32,
      0.49,
      "sil"
    ],
    [
      0.49,
      0.6,
      "dh"
    ],
    [
      0.6,
      0.78,
      "ou"
    ],
    [
      0.78,
      0.85,
      "z"
    ],
    [
      0.85,
      0.95,
      "m"
    ],
    [
      0.95,
      1.08,
      "y"
    ],
    [
      1.08,
      1.11,
      "uu"
    ],
    [
      1.11,
      1.18,
      "z"
    ],
    [
      1.18,
      1.27,
      "i"
    ],
    [
      1.27,
      1.4,
      "sh"
    ],
    [
      1.4,
      1.45,
      "@"
    ],
    [
      1.45,
      1.62,
      "n"
    ],
    [
      1.62,
      1.71,
      "z"
    ],
    [
      1.71,
      1.78,
      "h"
    ],
    [
      1.78,
      1.93,
      "aa"
    ],
    [
      1.93,
      2.0,
      "m"
    ],
    [
      2.0,
      2.03,
      "@"
    ],
    [
      2.03,
      2.07,
      "n"
    ],
    [
      2.07,
      2.25,
      "ai"
    ],
    [
      2.25,
      2.35,
      "z"
    ],
    [
      2.35,
      2.43,
      "m"
    ],
    [
      2.43,
      2.61,
      "aa"
    ],
    [
      2.61,
      2.68,
      "v"
    ],
    [
      2.68,
      2.72,
      "l"
    ],
    [
      2.72,
      2.78,
      "@"
    ],
    [
      2.78,
      2.96,
      "s"
    ],
    [
      2.96,
      3.02,
      "l"
    ],
    [
      3.02,
      3.17,
      "iy"
    ],
    [
      3.17,
      3.95,
      "sil"
    ]
  ],
  "noise_dataset": null,
  "sentence": "Those musicians harmonize marvellously.",
  "speaker": "fjmw0",
  "speech": "fjmw0_023",
  "speech_dataset": "mocha_timit"
}