{
  "algo": "consensus",
  "labels": [
    [
      0.0,
      0.19,
      "sil"
    ],
    [
      0.19,
      0.4,
      "breath"
    ],
    [
      0.4,
      0.69,
      "sil"
    ],
    [
      0.69,
      0.77,
      "b"
    ],
    [
      0.77,
      0.81,
      "r"
    ],
    [
      0.81,
      0.92,
      "ai"
    ],
    [
      0.92,
      0.99,
      "t"
    ],
    [
      0.99,
      1.09,
      "s"
    ],
    [
      1.09,
      1.14,
      "uh"
    ],
    [
      1.14,
      1.21,
      "n"
    ],
    [
      1.21,
      1.32,
      "sh"
    ],
    [
      1.32,
      1.46,
      "ai"
    ],
    [
      1.46,
      1.52,
      "n"
    ],
    [
      1.52,
      1.64,
      "sh"
    ],
    [
      1.64,
      1.69,
      "i"
    ],
    [
      1.69,
      1.78,
      "m"
    ],
    [
      1.78,
      1.83,
      "@"
    ],
    [
      1.83,
      1.9,
      "z"
    ],
    [
      1.9,
      1.97,
      "o"
    ],
    [
      1.97,
      2.03,
      "n"
    ],
    [
      2.03,
      2.06,
      "dh"
    ],
    [
      2.06,
      2.09,
      "@"
    ],
    [
      2.09,
      2.23,
      "ou"
    ],
    [
      2.23,
      2.35,
      "sh"
    ],
    [
      2.35,
      2.46,
      "n"
    ],
    [
      2.46,
      3.45,
      "sil"
    ]
  ],
  "noise_dataset": null,
  "sentence": "Bright sunshine shimmers on the ocean.",
  "speaker": "msak0",
  "speech": "msak0_006",
  "speech_dataset": "mocha_timit"
}