{
  "algo": "consensus",
  "labels": [
    [
      0.0,
      0.14,
      "sil"
    ],
    [
      0.14,
      0.34,
      "breath"
    ],
    [
      0.34,
      0.47,
      "sil"
    ],
    [
      0.47,
      0.52,
      "dh"
    ],
    [
      0.52,
      0.56,
      "@"
    ],
    [
      0.56,
      0.67,
      "s"
    ],
    [
      0.67,
      0.74,
      "p"
    ],
    [
      0.74,
      0.87,
      "ii"
    ],
    [
      0.87,
      0.96,
      "ch"
    ],
    [
      0.96,
      1.04,
      "s"
    ],
    [
      1.04,
      1.07,
      "i"
    ],
    [
      1.07,
      1.13,
      "m"
    ],
    [
      1.13,
      1.22,
      "p"
    ],
    [
      1.22,
      1.37,
      "ou"
    ],
    [
      1.37,
      1.48,
      "z"
    ],
    [
      1.48,
      1.56,
      "ii"
    ],
    [
      1.56,
      1.6,
      "@"
    ],
    [
      1.6,
      1.69,
      "m"
    ],
    [
      1.69,
      1.77,
      "m"
    ],
    [
      1.77,
      1.92,
      "ai"
    ],
    [
      1.92,
      1.98,
      "t"
    ],
    [
      1.98,
      2.05,
      "b"
    ],
    [
      2.05,
      2.09,
      "i"
    ],
    [
      2.09,
      2.14,
      "g"
    ],
    [
      2.14,
      2.24,
      "i"
    ],
    [
      2.24,
      2.3,
      "n"
    ],
    [
      2.3,
      2.38,
      "o"
    ],
    [
      2.38,
      2.41,
      "n"
    ],
    [
      2.41,
      2.47,
      "m"
    ],
    [
      2.47,
      2.53,
      "uh"
    ],
    [
      2.53,
      2.64,
      "n"
    ],
    [
      2.64,
      2.68,
      "d"
    ],
    [
      2.68,
      2.83,
      "ei"
    ],
    [
      2.83,
      3.95,
      "sil"
    ]
  ],
  "noise_dataset": null,
  "sentence": "The speech symposium might begin on Monday.",
  "speaker": "fsew0",
  "speech": "fsew0_366",
  "speech_dataset": "mocha_timit"
}