{
  "algo": "consensus",
  "labels": [
    [
      0.0,
      0.11,
      "sil"
    ],
    [
      0.11,
      0.17,
      "breath"
    ],
    [
      0.17,
      0.33,
      "sil"
    ],
    [
      0.33,
      0.41,
      "p"
    ],
    [
      0.41,
      0.51,
      "ii"
    ],
    [
      0.51,
      0.54,
      "t"
    ],
    [
      0.54,
      0.63,
      "s"
    ],
    [
      0.63,
      0.69,
      "@"
    ],
    [
      0.69,
      0.8,
      "r"
    ],
    [
      0.8,
      0.85,
      "ii"
    ],
    [
      0.85,
      1.04,
      "@"
    ],
    [
      1.04,
      1.13,
      "z"
    ],
    [
      1.13,
      1.2,
      "@"
    ],
    [
      1.2,
      1.31,
      "k"
    ],
    [
      1.31,
      1.34,
      "@"
    ],
    [
      1.34,
      1.41,
      "n"
    ],
    [
      1.41,
      1.46,
      "v"
    ],
    [
      1.46,
      1.59,
      "ii"
    ],
    [
      1.59,
      1.62,
      "n"
    ],
    [
      1.62,
      1.69,
      "ii"
    ],
    [
      1.69,
      1.72,
      "@"
    ],
    [
      1.72,
      1.81,
      "n"
    ],
    [
      1.81,
      1.87,
      "t"
    ],
    [
      1.87,
      1.92,
      "f"
    ],
    [
      1.92,
      1.95,
      "@"
    ],
    [
      1.95,
      1.99,
      "r"
    ],
    [
      1.99,
      2.04,
      "@"
    ],
    [
      2.04,
      2.18,
      "k"
    ],
    [
      2.18,
      2.21,
      "w"
    ],
    [
      2.21,
      2.25,
      "i"
    ],
    [
      2.25,
      2.37,
      "k"
    ],
    [
      2.37,
      2.42,
      "l"
    ],
    [
      2.42,
      2.49,
      "uh"
    ],
    [
      2.49,
      2.59,
      "n"
    ],
    [
      2.59,
      2.83,
      "ch"
    ],
    [
      2.83,
      3.7,
      "sil"
    ]
  ],
  "noise_dataset": null,
  "sentence": "Pizzerias are convenient for a quick lunch.",
  "speaker": "fsew0",
  "speech": "fsew0_135",
  "speech_dataset": "mocha_timit"
}