{
  "algo": "consensus",
  "labels": [
    [
      0.0,
      0.11,
      "sil"
    ],
    [
      0.11,
      0.32,
      "breath"
    ],
    [
      0.32,
      0.48,
      "sil"
    ],
    [
      0.48,
      0.55,
      "r"
    ],
    [
      0.55,
      0.64,
      "a"
    ],
    [
      0.64,
      0.82,
      "sh"
    ],
    [
      0.82,
      0.85,
      "n"
    ],
    [
      0.85,
      0.98,
      "l"
    ],
    [
      0.98,
      1.2,
      "ai"
    ],
    [
      1.2,
      1.33,
      "z"
    ],
    [
      1.33,
      1.47,
      "oo"
    ],
    [
      1.47,
      1.57,
      "l"
    ],
    [
      1.57,
      1.7,
      "e"
    ],
    [
      1.7,
      1.85,
      "r"
    ],
    [
      1.85,
      1.89,
      "@"
    ],
    [
      1.89,
      2.09,
      "z"
    ],
    [
      2.09,
      2.95,
      "sil"
    ]
  ],
  "noise_dataset": null,
  "sentence": "Rationalize all errors.",
  "speaker": "fsew0",
  "speech": "fsew0_237",
  "speech_dataset": "mocha_timit"
}