{
  "algo": "consensus",
  "labels": [
    [
      0.0,
      0.65,
      "sil"
    ],
    [
      0.65,
      0.83,
      "breath"
    ],
    [
      0.83,
      0.89,
      "sil"
    ],
    [
      0.89,
      0.98,
      "m"
    ],
    [
      0.98,
      1.18,
      "ai"
    ],
    [
      1.18,
      1.35,
      "ai"
    ],
    [
      1.35,
      1.49,
      "d"
    ],
    [
      1.49,
      1.6,
      "i@"
    ],
    [
      1.6,
      1.68,
      "l"
    ],
    [
      1.68,
      1.77,
      "m"
    ],
    [
      1.77,
      1.86,
      "oo"
    ],
    [
      1.86,
      1.89,
      "r"
    ],
    [
      1.89,
      1.92,
      "n"
    ],
    [
      1.92,
      1.95,
      "i"
    ],
    [
      1.95,
      2.08,
      "ng"
    ],
    [
      2.08,
      2.14,
      "b"
    ],
    [
      2.14,
      2.2,
      "i"
    ],
    [
      2.2,
      2.3,
      "g"
    ],
    [
      2.3,
      2.37,
      "i"
    ],
    [
      2.37,
      2.41,
      "n"
    ],
    [
      2.41,
      2.48,
      "z"
    ],
    [
      2.48,
      2.54,
      "w"
    ],
    [
      2.54,
      2.58,
      "i"
    ],
    [
      2.58,
      2.63,
      "dh"
    ],
    [
      2.63,
      2.73,
      "h"
    ],
    [
      2.73,
      2.87,
      "o"
    ],
    [
      2.87,
      2.94,
      "t"
    ],
    [
      2.94,
      3.05,
      "k"
    ],
    [
      3.05,
      3.18,
      "o"
    ],
    [
      3.18,
      3.25,
      "f"
    ],
    [
      3.25,
      3.42,
      "iy"
    ],
    [
      3.42,
      4.2,
      "sil"
    ]
  ],
  "noise_dataset": null,
  "sentence": "My ideal morning begins with hot coffee.",
  "speaker": "mjjn0",
  "speech": "mjjn0_260",
  "speech_dataset": "mocha_timit"
}