{
  "algo": "consensus",
  "labels": [
    [
      0.0,
      0.06,
      "sil"
    ],
    [
      0.06,
      0.43,
      "breath"
    ],
    [
      0.43,
      0.68,
      "sil"
    ],
    [
      0.68,
      0.76,
      "dh"
    ],
    [
      0.76,
      0.81,
      "@"
    ],
    [
      0.81,
      0.87,
      "l"
    ],
    [
      0.87,
      0.97,
      "a"
    ],
    [
      0.97,
      1.06,
      "k"
    ],
    [
      1.06,
      1.12,
      "@"
    ],
    [
      1.12,
      1.19,
      "v"
    ],
    [
      1.19,
      1.26,
      "h"
    ],
    [
      1.26,
      1.45,
      "ii"
    ],
    [
      1.45,
      1.66,
      "t"
    ],
    [
      1.66,
      1.75,
      "k"
    ],
    [
      1.75,
      1.78,
      "@"
    ],
    [
      1.78,
      1.86,
      "m"
    ],
    [
      1.86,
      1.93,
      "p"
    ],
    [
      1.93,
      2.1,
      "ow"
    ],
    [
      2.1,
      2.17,
      "n"
    ],
    [
      2.17,
      2.22,
      "d"
    ],
    [
      2.22,
      2.29,
      "i"
    ],
    [
      2.29,
      2.35,
      "d"
    ],
    [
      2.35,
      2.38,
      "dh"
    ],
    [
      2.38,
      2.43,
      "@"
    ],
    [
      2.43,
      2.55,
      "t"
    ],
    [
      2.55,
      2.66,
      "e"
    ],
    [
      2.66,
      2.74,
      "n"
    ],
    [
      2.74,
      2.77,
      "@"
    ],
    [
      2.77,
      2.86,
      "n"
    ],
    [
      2.86,
      2.89,
      "t"
    ],
    [
      2.89,
      3.0,
      "s"
    ],
    [
      3.0,
      3.09,
      "g"
    ],
    [
      3.09,
      3.15,
      "r"
    ],
    [
      3.15,
      3.27,
      "ii"
    ],
    [
      3.27,
      3.32,
      "v"
    ],
    [
      3.32,
      3.45,
      "n"
    ],
    [
      3.45,
      3.58,
      "s"
    ],
    [
      3.58,
      3.7,
      "i"
    ],
    [
      3.7,
      3.9,
      "z"
    ],
    [
      3.9,
      4.7,
      "sil"
    ]
  ],
  "noise_dataset": null,
  "sentence": "The lack of heat compounded the tenant's grievances.",
  "speaker": "fjmw0",
  "speech": "fjmw0_055",
  "speech_dataset": "mocha_timit"
}