{
  "algo": "consensus",
  "labels": [
    [
      0.0,
      0.22,
      "sil"
    ],
    [
      0.22,
      0.33,
      "breath"
    ],
    [
      0.33,
      0.46,
      "sil"
    ],
    [
      0.46,
      0.55,
      "k"
    ],
    [
      0.55,
      0.69,
      "oo"
    ],
    [
      0.69,
      0.8,
      "r"
    ],
    [
      0.8,
      0.91,
      "iy"
    ],
    [
      0.91,
      0.94,
      "@"
    ],
    [
      0.94,
      1.05,
      "n"
    ],
    [
      1.05,
      1.1,
      "d"
    ],
    [
      1.1,
      1.2,
      "t"
    ],
    [
      1.2,
      1.26,
      "r"
    ],
    [
      1.26,
      1.34,
      "i"
    ],
    [
      1.34,
      1.47,
      "sh"
    ],
    [
      1.47,
      1.61,
      "p"
    ],
    [
      1.61,
      1.64,
      "l"
    ],
    [
      1.64,
      1.76,
      "ei"
    ],
    [
      1.76,
      1.82,
      "d"
    ],
    [
      1.82,
      1.96,
      "t"
    ],
    [
      1.96,
      2.17,
      "a"
    ],
    [
      2.17,
      2.25,
      "g"
    ],
    [
      2.25,
      2.28,
      "w"
    ],
    [
      2.28,
      2.32,
      "i"
    ],
    [
      2.32,
      2.35,
      "dh"
    ],
    [
      2.35,
      2.49,
      "b"
    ],
    [
      2.49,
      2.61,
      "ii"
    ],
    [
      2.61,
      2.72,
      "ch"
    ],
    [
      2.72,
      2.8,
      "b"
    ],
    [
      2.8,
      2.95,
      "oo"
    ],
    [
      2.95,
      2.99,
      "l"
    ],
    [
      2.99,
      3.09,
      "z"
    ],
    [
      3.09,
      3.14,
      "f"
    ],
    [
      3.14,
      3.22,
      "@"
    ],
    [
      3.22,
      3.26,
      "r"
    ],
    [
      3.26,
      3.53,
      "ow"
    ],
    [
      3.53,
      3.69,
      "z"
    ],
    [
      3.69,
      4.45,
      "sil"
    ]
  ],
  "noise_dataset": null,
  "sentence": "Cory and Trish played tag with beach balls for hours.",
  "speaker": "fsew0",
  "speech": "fsew0_286",
  "speech_dataset": "mocha_timit"
}