{
  "algo": "consensus",
  "labels": [
    [
      0.0,
      0.24,
      "sil"
    ],
    [
      0.24,
      0.42,
      "breath"
    ],
    [
      0.42,
      0.91,
      "sil"
    ],
    [
      0.91,
      0.95,
      "sh"
    ],
    [
      0.95,
      1.04,
      "i"
    ],
    [
      1.04,
      1.22,
      "p"
    ],
    [
      1.22,
      1.25,
      "b"
    ],
    [
      1.25,
      1.28,
      "i"
    ],
    [
      1.28,
      1.33,
      "l"
    ],
    [
      1.33,
      1.46,
      "d"
    ],
    [
      1.46,
      1.66,
      "i"
    ],
    [
      1.66,
      1.69,
      "ng"
    ],
    [
      1.69,
      1.74,
      "i"
    ],
    [
      1.74,
      1.88,
      "z"
    ],
    [
      1.88,
      2.23,
      "@"
    ],
    [
      2.23,
      2.27,
      "m"
    ],
    [
      2.27,
      2.34,
      "ou"
    ],
    [
      2.34,
      2.38,
      "s"
    ],
    [
      2.38,
      2.41,
      "t"
    ],
    [
      2.41,
      2.44,
      "f"
    ],
    [
      2.44,
      2.58,
      "a"
    ],
    [
      2.58,
      2.65,
      "s"
    ],
    [
      2.65,
      2.72,
      "i"
    ],
    [
      2.72,
      2.77,
      "n"
    ],
    [
      2.77,
      3.06,
      "ei"
    ],
    [
      3.06,
      3.13,
      "t"
    ],
    [
      3.13,
      3.27,
      "i"
    ],
    [
      3.27,
      3.38,
      "ng"
    ],
    [
      3.38,
      3.42,
      "p"
    ],
    [
      3.42,
      3.51,
      "r"
    ],
    [
      3.51,
      3.57,
      "@"
    ],
    [
      3.57,
      3.71,
      "s"
    ],
    [
      3.71,
      3.74,
      "e"
    ],
    [
      3.74,
      3.93,
      "s"
    ],
    [
      3.93,
      4.7,
      "sil"
    ]
  ],
  "noise_dataset": null,
  "sentence": "Shipbuilding is a most fascinating process.",
  "speaker": "fjmw0",
  "speech": "fjmw0_313",
  "speech_dataset": "mocha_timit"
}