{
  "algo": "consensus",
  "labels": [
    [
      0.0,
      0.28,
      "sil"
    ],
    [
      0.28,
      0.75,
      "breath"
    ],
    [
      0.75,
      0.91,
      "sil"
    ],
    [
      0.91,
      1.04,
      "@"
    ],
    [
      1.04,
      1.12,
      "b"
    ],
    [
      1.12,
      1.16,
      "jh"
    ],
    [
      1.16,
      1.25,
      "e"
    ],
    [
      1.25,
      1.28,
      "k"
    ],
    [
      1.28,
      1.31,
      "t"
    ],
    [
      1.31,
      1.36,
      "s"
    ],
    [
      1.36,
      1.42,
      "m"
    ],
    [
      1.42,
      1.51,
      "ei"
    ],
    [
      1.51,
      1.55,
      "d"
    ],
    [
      1.55,
      1.59,
      "@"
    ],
    [
      1.59,
      1.62,
      "v"
    ],
    [
      1.62,
      1.73,
      "p"
    ],
    [
      1.73,
      1.81,
      "y"
    ],
    [
      1.81,
      1.86,
      "uu"
    ],
    [
      1.86,
      1.94,
      "t"
    ],
    [
      1.94,
      1.97,
      "@"
    ],
    [
      1.97,
      2.04,
      "r"
    ],
    [
      2.04,
      2.1,
      "@"
    ],
    [
      2.1,
      2.17,
      "b"
    ],
    [
      2.17,
      2.24,
      "y"
    ],
    [
      2.24,
      2.28,
      "uu"
    ],
    [
      2.28,
      2.37,
      "t"
    ],
    [
      2.37,
      2.4,
      "i"
    ],
    [
      2.4,
      2.52,
      "f"
    ],
    [
      2.52,
      2.55,
      "u"
    ],
    [
      2.55,
      2.64,
      "l"
    ],
    [
      2.64,
      3.45,
      "sil"
    ]
  ],
  "noise_dataset": null,
  "sentence": "Objects made of pewter are beautiful.",
  "speaker": "msak0",
  "speech": "msak0_126",
  "speech_dataset": "mocha_timit"
}