{
  "algo": "consensus",
  "labels": [
    [
      0.0,
      0.06,
      "sil"
    ],
    [
      0.06,
      0.77,
      "breath"
    ],
    [
      0.77,
      0.8,
      "sil"
    ],
    [
      0.8,
      0.93,
      "dh"
    ],
    [
      0.93,
      0.98,
      "@"
    ],
    [
      0.98,
      1.07,
      "b"
    ],
    [
      1.07,
      1.17,
      "e"
    ],
    [
      1.17,
      1.25,
      "s"
    ],
    [
      1.25,
      1.33,
      "t"
    ],
    [
      1.33,
      1.41,
      "w"
    ],
    [
      1.41,
      1.47,
      "ei"
    ],
    [
      1.47,
      1.54,
      "t"
    ],
    [
      1.54,
      1.57,
      "@"
    ],
    [
      1.57,
      1.68,
      "l"
    ],
    [
      1.68,
      1.71,
      "@@"
    ],
    [
      1.71,
      1.78,
      "r"
    ],
    [
      1.78,
      1.84,
      "n"
    ],
    [
      1.84,
      1.89,
      "i"
    ],
    [
      1.89,
      1.96,
      "z"
    ],
    [
      1.96,
      2.04,
      "t"
    ],
    [
      2.04,
      2.09,
      "@"
    ],
    [
      2.09,
      2.21,
      "s"
    ],
    [
      2.21,
      2.33,
      "o"
    ],
    [
      2.33,
      2.39,
      "l"
    ],
    [
      2.39,
      2.42,
      "v"
    ],
    [
      2.42,
      2.59,
      "e"
    ],
    [
      2.59,
      2.68,
      "k"
    ],
    [
      2.68,
      2.73,
      "s"
    ],
    [
      2.73,
      2.82,
      "t"
    ],
    [
      2.82,
      2.87,
      "r"
    ],
    [
      2.87,
      2.9,
      "@"
    ],
    [
      2.9,
      3.0,
      "p"
    ],
    [
      3.0,
      3.06,
      "r"
    ],
    [
      3.06,
      3.16,
      "o"
    ],
    [
      3.16,
      3.2,
      "b"
    ],
    [
      3.2,
      3.24,
      "l"
    ],
    [
      3.24,
      3.27,
      "@"
    ],
    [
      3.27,
      3.36,
      "m"
    ],
    [
      3.36,
      3.48,
      "z"
    ],
    [
      3.48,
      4.45,
      "sil"
    ]
  ],
  "noise_dataset": null,
  "sentence": "The best way to learn is to solve extra problems.",
  "speaker": "mjjn0",
  "speech": "mjjn0_112",
  "speech_dataset": "mocha_timit"
}