{
  "algo": "consensus",
  "labels": [
    [
      0.0,
      0.09,
      "sil"
    ],
    [
      0.09,
      0.72,
      "breath"
    ],
    [
      0.72,
      0.98,
      "sil"
    ],
    [
      0.98,
      1.02,
      "dh"
    ],
    [
      1.02,
      1.09,
      "@"
    ],
    [
      1.09,
      1.12,
      "s"
    ],
    [
      1.12,
      1.22,
      "i"
    ],
    [
      1.22,
      1.35,
      "s"
    ],
    [
      1.35,
      1.39,
      "t"
    ],
    [
      1.39,
      1.53,
      "@"
    ],
    [
      1.53,
      1.66,
      "m"
    ],
    [
      1.66,
      1.69,
      "m"
    ],
    [
      1.69,
      1.72,
      "ei"
    ],
    [
      1.72,
      1.75,
      "b"
    ],
    [
      1.75,
      1.78,
      "r"
    ],
    [
      1.78,
      1.83,
      "ei"
    ],
    [
      1.83,
      1.89,
      "k"
    ],
    [
      1.89,
      2.06,
      "d"
    ],
    [
      2.06,
      2.1,
      "ow"
    ],
    [
      2.1,
      2.13,
      "n"
    ],
    [
      2.13,
      2.16,
      "s"
    ],
    [
      2.16,
      2.25,
      "uu"
    ],
    [
      2.25,
      2.28,
      "n"
    ],
    [
      2.28,
      2.35,
      "s"
    ],
    [
      2.35,
      2.5,
      "ou"
    ],
    [
      2.5,
      2.53,
      "s"
    ],
    [
      2.53,
      2.56,
      "ei"
    ],
    [
      2.56,
      2.59,
      "v"
    ],
    [
      2.59,
      2.62,
      "y"
    ],
    [
      2.62,
      2.66,
      "oo"
    ],
    [
      2.66,
      2.82,
      "f"
    ],
    [
      2.82,
      2.85,
      "ai"
    ],
    [
      2.85,
      2.88,
      "l"
    ],
    [
      2.88,
      3.06,
      "z"
    ],
    [
      3.06,
      3.11,
      "f"
    ],
    [
      3.11,
      3.15,
      "r"
    ],
    [
      3.15,
      3.2,
      "ii"
    ],
    [
      3.2,
      3.43,
      "k"
    ],
    [
      3.43,
      3.46,
      "w"
    ],
    [
      3.46,
      3.49,
      "@"
    ],
    [
      3.49,
      3.52,
      "n"
    ],
    [
      3.52,
      3.55,
      "t"
    ],
    [
      3.55,
      3.74,
      "l"
    ],
    [
      3.74,
      3.78,
      "iy"
    ],
    [
      3.78,
      4.7,
      "sil"
    ]
  ],
  "noise_dataset": null,
  "sentence": "The system may break down soon, so save your files frequently.",
  "speaker": "fjmw0",
  "speech": "fjmw0_364",
  "speech_dataset": "mocha_timit"
}