{
  "algo": "consensus",
  "labels": [
    [
      0.0,
      0.07,
      "sil"
    ],
    [
      0.07,
      1.17,
      "breath"
    ],
    [
      1.17,
      1.2,
      "sil"
    ],
    [
      1.2,
      1.36,
      "t"
    ],
    [
      1.36,
      1.41,
      "r"
    ],
    [
      1.41,
      1.44,
      "@"
    ],
    [
      1.44,
      1.49,
      "d"
    ],
    [
      1.49,
      1.57,
      "i"
    ],
    [
      1.57,
      1.68,
      "sh"
    ],
    [
      1.68,
      1.76,
      "n"
    ],
    [
      1.76,
      1.86,
      "r"
    ],
    [
      1.86,
      1.9,
      "i"
    ],
    [
      1.9,
      2.01,
      "k"
    ],
    [
      2.01,
      2.05,
      "w"
    ],
    [
      2.05,
      2.16,
      "ai"
    ],
    [
      2.16,
      2.27,
      "r"
    ],
    [
      2.27,
      2.34,
      "z"
    ],
    [
      2.34,
      2.46,
      "p"
    ],
    [
      2.46,
      2.51,
      "@"
    ],
    [
      2.51,
      2.58,
      "r"
    ],
    [
      2.58,
      2.62,
      "e"
    ],
    [
      2.62,
      2.69,
      "n"
    ],
    [
      2.69,
      2.73,
      "t"
    ],
    [
      2.73,
      2.87,
      "l"
    ],
    [
      2.87,
      2.9,
      "@"
    ],
    [
      2.9,
      3.03,
      "p"
    ],
    [
      3.03,
      3.07,
      "r"
    ],
    [
      3.07,
      3.15,
      "uu"
    ],
    [
      3.15,
      3.19,
      "v"
    ],
    [
      3.19,
      3.34,
      "l"
    ],
    [
      3.34,
      3.46,
      "f"
    ],
    [
      3.46,
      3.49,
      "@"
    ],
    [
      3.49,
      3.58,
      "r"
    ],
    [
      3.58,
      3.68,
      "uh"
    ],
    [
      3.68,
      3.75,
      "n"
    ],
    [
      3.75,
      3.78,
      "d"
    ],
    [
      3.78,
      3.81,
      "@"
    ],
    [
      3.81,
      3.9,
      "r"
    ],
    [
      3.9,
      4.03,
      "ei"
    ],
    [
      4.03,
      4.11,
      "jh"
    ],
    [
      4.11,
      4.19,
      "m"
    ],
    [
      4.19,
      4.27,
      "a"
    ],
    [
      4.27,
      4.38,
      "r"
    ],
    [
      4.38,
      4.42,
      "i"
    ],
    [
      4.42,
      4.53,
      "jh"
    ],
    [
      4.53,
      5.45,
      "sil"
    ]
  ],
  "noise_dataset": null,
  "sentence": "Tradition requires parental approval for under-age marriage.",
  "speaker": "mjjn0",
  "speech": "mjjn0_139",
  "speech_dataset": "mocha_timit"
}