{
  "algo": "consensus",
  "labels": [
    [
      0.0,
      0.07,
      "sil"
    ],
    [
      0.07,
      0.61,
      "breath"
    ],
    [
      0.61,
      1.0,
      "sil"
    ],
    [
      1.0,
      1.08,
      "i"
    ],
    [
      1.08,
      1.16,
      "n"
    ],
    [
      1.16,
      1.19,
      "e"
    ],
    [
      1.19,
      1.22,
      "v"
    ],
    [
      1.22,
      1.43,
      "r"
    ],
    [
      1.43,
      1.46,
      "iy"
    ],
    [
      1.46,
      1.73,
      "m"
    ],
    [
      1.73,
      1.76,
      "ei"
    ],
    [
      1.76,
      1.79,
      "jh"
    ],
    [
      1.79,
      1.88,
      "@"
    ],
    [
      1.88,
      2.05,
      "k"
    ],
    [
      2.05,
      2.1,
      "l"
    ],
    [
      2.1,
      2.23,
      "ou"
    ],
    [
      2.23,
      2.39,
      "v"
    ],
    [
      2.39,
      2.46,
      "@"
    ],
    [
      2.46,
      2.62,
      "l"
    ],
    [
      2.62,
      2.66,
      "ii"
    ],
    [
      2.66,
      2.69,
      "f"
    ],
    [
      2.69,
      2.78,
      "t"
    ],
    [
      2.78,
      2.94,
      "r"
    ],
    [
      2.94,
      2.99,
      "a"
    ],
    [
      2.99,
      3.1,
      "f"
    ],
    [
      3.1,
      3.18,
      "i"
    ],
    [
      3.18,
      3.25,
      "k"
    ],
    [
      3.25,
      3.29,
      "s"
    ],
    [
      3.29,
      3.38,
      "uh"
    ],
    [
      3.38,
      3.41,
      "m"
    ],
    [
      3.41,
      3.44,
      "t"
    ],
    [
      3.44,
      3.47,
      "ai"
    ],
    [
      3.47,
      3.51,
      "m"
    ],
    [
      3.51,
      3.55,
      "z"
    ],
    [
      3.55,
      3.59,
      "g"
    ],
    [
      3.59,
      3.67,
      "e"
    ],
    [
      3.67,
      3.7,
      "t"
    ],
    [
      3.7,
      3.73,
      "s"
    ],
    [
      3.73,
      3.76,
      "b"
    ],
    [
      3.76,
      3.79,
      "a"
    ],
    [
      3.79,
      3.82,
      "k"
    ],
    [
      3.82,
      3.85,
      "t"
    ],
    [
      3.85,
      3.88,
      "uh"
    ],
    [
      3.88,
      3.91,
      "p"
    ],
    [
      3.91,
      5.2,
      "sil"
    ]
  ],
  "noise_dataset": null,
  "sentence": "In every major cloverleaf, traffic sometimes gets backed up.",
  "speaker": "fjmw0",
  "speech": "fjmw0_291",
  "speech_dataset": "mocha_timit"
}