{
  "algo": "consensus",
  "labels": [
    [
      0.0,
      0.08,
      "sil"
    ],
    [
      0.08,
      0.29,
      "breath"
    ],
    [
      0.29,
      0.37,
      "sil"
    ],
    [
      0.37,
      0.41,
      "b"
    ],
    [
      0.41,
      0.49,
      "ii"
    ],
    [
      0.49,
      0.62,
      "k"
    ],
    [
      0.62,
      0.74,
      "eir"
    ],
    [
      0.74,
      0.85,
      "f"
    ],
    [
      0.85,
      0.89,
      "u"
    ],
    [
      0.89,
      0.96,
      "l"
    ],
    [
      0.96,
      1.02,
      "n"
    ],
    [
      1.02,
      1.16,
      "o"
    ],
    [
      1.16,
      1.19,
      "t"
    ],
    [
      1.19,
      1.25,
      "t"
    ],
    [
      1.25,
      1.31,
      "@"
    ],
    [
      1.31,
      1.44,
      "p"
    ],
    [
      1.44,
      1.49,
      "l"
    ],
    [
      1.49,
      1.81,
      "ow"
    ],
    [
      1.81,
      1.95,
      "ou"
    ],
    [
      1.95,
      1.98,
      "v"
    ],
    [
      1.98,
      2.04,
      "@"
    ],
    [
      2.04,
      2.07,
      "dh"
    ],
    [
      2.07,
      2.12,
      "@"
    ],
    [
      2.12,
      2.24,
      "f"
    ],
    [
      2.24,
      2.3,
      "l"
    ],
    [
      2.3,
      2.51,
      "ow"
    ],
    [
      2.51,
      2.57,
      "b"
    ],
    [
      2.57,
      2.71,
      "e"
    ],
    [
      2.71,
      2.89,
      "d"
    ],
    [
      2.89,
      3.08,
      "z"
    ],
    [
      3.08,
      3.95,
      "sil"
    ]
  ],
  "noise_dataset": null,
  "sentence": "Be careful not to plow over the flower beds.",
  "speaker": "fsew0",
  "speech": "fsew0_276",
  "speech_dataset": "mocha_timit"
}