{
  "algo": "consensus",
  "labels": [
    [
      0.0,
      0.1,
      "sil"
    ],
    [
      0.1,
      0.23,
      "breath"
    ],
    [
      0.23,
      0.41,
      "sil"
    ],
    [
      0.41,
      0.46,
      "r"
    ],
    [
      0.46,
      0.6,
      "o"
    ],
    [
      0.6,
      0.65,
      "b"
    ],
    [
      0.65,
      0.71,
      "m"
    ],
    [
      0.71,
      0.84,
      "ei"
    ],
    [
      0.84,
      0.89,
      "d"
    ],
    [
      0.89,
      0.93,
      "h"
    ],
    [
      0.93,
      0.98,
      "uh"
    ],
    [
      0.98,
      1.05,
      "ng"
    ],
    [
      1.05,
      1.12,
      "g"
    ],
    [
      1.12,
      1.22,
      "eir"
    ],
    [
      1.22,
      1.27,
      "r"
    ],
    [
      1.27,
      1.3,
      "ii"
    ],
    [
      1.3,
      1.33,
      "@"
    ],
    [
      1.33,
      1.37,
      "n"
    ],
    [
      1.37,
      1.47,
      "g"
    ],
    [
      1.47,
      1.57,
      "uu"
    ],
    [
      1.57,
      1.62,
      "l"
    ],
    [
      1.62,
      1.7,
      "a"
    ],
    [
      1.7,
      1.79,
      "sh"
    ],
    [
      1.79,
      1.86,
      "f"
    ],
    [
      1.86,
      1.91,
      "@"
    ],
    [
      1.91,
      1.96,
      "d"
    ],
    [
      1.96,
      2.03,
      "i"
    ],
    [
      2.03,
      2.08,
      "n"
    ],
    [
      2.08,
      2.17,
      "@"
    ],
    [
      2.17,
      2.2,
      "r"
    ],
    [
      2.2,
      2.24,
      "@"
    ],
    [
      2.24,
      2.31,
      "n"
    ],
    [
      2.31,
      2.34,
      "d"
    ],
    [
      2.34,
      2.39,
      "g"
    ],
    [
      2.39,
      2.43,
      "u"
    ],
    [
      2.43,
      2.51,
      "z"
    ],
    [
      2.51,
      2.57,
      "b"
    ],
    [
      2.57,
      2.6,
      "@"
    ],
    [
      2.6,
      2.63,
      "r"
    ],
    [
      2.63,
      2.69,
      "iy"
    ],
    [
      2.69,
      2.81,
      "p"
    ],
    [
      2.81,
      2.98,
      "ai"
    ],
    [
      2.98,
      3.06,
      "f"
    ],
    [
      3.06,
      3.11,
      "@"
    ],
    [
      3.11,
      3.17,
      "d"
    ],
    [
      3.17,
      3.22,
      "i"
    ],
    [
      3.22,
      3.32,
      "z"
    ],
    [
      3.32,
      3.53,
      "@@"
    ],
    [
      3.53,
      3.63,
      "t"
    ],
    [
      3.63,
      4.45,
      "sil"
    ]
  ],
  "noise_dataset": null,
  "sentence": "Rob made Hungarian goulash for dinner and gooseberry pie for desert.",
  "speaker": "fsew0",
  "speech": "fsew0_341",
  "speech_dataset": "mocha_timit"
}