{
  "algo": "consensus",
  "labels": [
    [
      0.0,
      0.31,
      "sil"
    ],
    [
      0.31,
      0.36,
      "breath"
    ],
    [
      0.36,
      0.42,
      "sil"
    ],
    [
      0.42,
      0.48,
      "dh"
    ],
    [
      0.48,
      0.51,
      "@"
    ],
    [
      0.51,
      0.58,
      "l"
    ],
    [
      0.58,
      0.68,
      "e"
    ],
    [
      0.68,
      0.73,
      "jh"
    ],
    [
      0.73,
      0.78,
      "i"
    ],
    [
      0.78,
      0.91,
      "s"
    ],
    [
      0.91,
      0.94,
      "l"
    ],
    [
      0.94,
      0.97,
      "ei"
    ],
    [
      0.97,
      1.12,
      "ch"
    ],
    [
      1.12,
      1.36,
      "@"
    ],
    [
      1.36,
      1.54,
      "m"
    ],
    [
      1.54,
      1.67,
      "e"
    ],
    [
      1.67,
      1.79,
      "t"
    ],
    [
      1.79,
      1.88,
      "t"
    ],
    [
      1.88,
      1.92,
      "@"
    ],
    [
      1.92,
      2.03,
      "jh"
    ],
    [
      2.03,
      2.15,
      "uh"
    ],
    [
      2.15,
      2.25,
      "jh"
    ],
    [
      2.25,
      2.31,
      "dh"
    ],
    [
      2.31,
      2.34,
      "@"
    ],
    [
      2.34,
      2.41,
      "s"
    ],
    [
      2.41,
      2.49,
      "t"
    ],
    [
      2.49,
      2.6,
      "ei"
    ],
    [
      2.6,
      2.66,
      "t"
    ],
    [
      2.66,
      2.7,
      "@"
    ],
    [
      2.7,
      2.73,
      "v"
    ],
    [
      2.73,
      2.86,
      "p"
    ],
    [
      2.86,
      2.94,
      "uh"
    ],
    [
      2.94,
      2.99,
      "b"
    ],
    [
      2.99,
      3.02,
      "l"
    ],
    [
      3.02,
      3.07,
      "i"
    ],
    [
      3.07,
      3.14,
      "k"
    ],
    [
      3.14,
      3.22,
      "e"
    ],
    [
      3.22,
      3.28,
      "d"
    ],
    [
      3.28,
      3.31,
      "y"
    ],
    [
      3.31,
      3.34,
      "uu"
    ],
    [
      3.34,
      3.44,
      "k"
    ],
    [
      3.44,
      3.56,
      "ei"
    ],
    [
      3.56,
      3.7,
      "sh"
    ],
    [
      3.7,
      3.85,
      "n"
    ],
    [
      3.85,
      4.7,
      "sil"
    ]
  ],
  "noise_dataset": null,
  "sentence": "The legislature met to judge the state of public education.",
  "speaker": "fsew0",
  "speech": "fsew0_060",
  "speech_dataset": "mocha_timit"
}