{
  "algo": "consensus",
  "labels": [
    [
      0.0,
      0.25,
      "sil"
    ],
    [
      0.25,
      0.58,
      "breath"
    ],
    [
      0.58,
      0.73,
      "sil"
    ],
    [
      0.73,
      0.81,
      "g"
    ],
    [
      0.81,
      0.88,
      "e"
    ],
    [
      0.88,
      1.0,
      "s"
    ],
    [
      1.0,
      1.03,
      "dh"
    ],
    [
      1.03,
      1.08,
      "@"
    ],
    [
      1.08,
      1.18,
      "k"
    ],
    [
      1.18,
      1.23,
      "w"
    ],
    [
      1.23,
      1.26,
      "e"
    ],
    [
      1.26,
      1.35,
      "s"
    ],
    [
      1.35,
      1.46,
      "ch"
    ],
    [
      1.46,
      1.49,
      "@"
    ],
    [
      1.49,
      1.56,
      "n"
    ],
    [
      1.56,
      1.63,
      "f"
    ],
    [
      1.63,
      1.66,
      "r"
    ],
    [
      1.66,
      1.69,
      "@"
    ],
    [
      1.69,
      1.77,
      "m"
    ],
    [
      1.77,
      1.8,
      "dh"
    ],
    [
      1.8,
      1.88,
      "@"
    ],
    [
      1.88,
      1.95,
      "aa"
    ],
    [
      1.95,
      2.03,
      "n"
    ],
    [
      2.03,
      2.14,
      "s"
    ],
    [
      2.14,
      2.2,
      "@"
    ],
    [
      2.2,
      2.23,
      "r"
    ],
    [
      2.23,
      3.2,
      "sil"
    ]
  ],
  "noise_dataset": null,
  "sentence": "Guess the question from the answer.",
  "speaker": "msak0",
  "speech": "msak0_099",
  "speech_dataset": "mocha_timit"
}