{
  "algo": "consensus",
  "labels": [
    [
      0.0,
      0.06,
      "sil"
    ],
    [
      0.06,
      0.59,
      "breath"
    ],
    [
      0.59,
      0.66,
      "sil"
    ],
    [
      0.66,
      0.73,
      "g"
    ],
    [
      0.73,
      0.78,
      "l"
    ],
    [
      0.78,
      0.86,
      "uu"
    ],
    [
      0.86,
      1.0,
      "k"
    ],
    [
      1.0,
      1.21,
      "ou"
    ],
    [
      1.21,
      1.25,
      "s"
    ],
    [
      1.25,
      1.29,
      "@"
    ],
    [
      1.29,
      1.36,
      "n"
    ],
    [
      1.36,
      1.39,
      "d"
    ],
    [
      1.39,
      1.46,
      "f"
    ],
    [
      1.46,
      1.52,
      "r"
    ],
    [
      1.52,
      1.58,
      "uh"
    ],
    [
      1.58,
      1.7,
      "k"
    ],
    [
      1.7,
      1.8,
      "t"
    ],
    [
      1.8,
      2.01,
      "ou"
    ],
    [
      2.01,
      2.15,
      "s"
    ],
    [
      2.15,
      2.2,
      "@"
    ],
    [
      2.2,
      2.31,
      "n"
    ],
    [
      2.31,
      2.46,
      "a"
    ],
    [
      2.46,
      2.61,
      "ch"
    ],
    [
      2.61,
      2.66,
      "r"
    ],
    [
      2.66,
      2.69,
      "@"
    ],
    [
      2.69,
      2.72,
      "l"
    ],
    [
      2.72,
      2.86,
      "sh"
    ],
    [
      2.86,
      2.93,
      "u"
    ],
    [
      2.93,
      3.0,
      "g"
    ],
    [
      3.0,
      3.09,
      "@"
    ],
    [
      3.09,
      3.22,
      "z"
    ],
    [
      3.22,
      3.29,
      "f"
    ],
    [
      3.29,
      3.44,
      "ow"
    ],
    [
      3.44,
      3.51,
      "n"
    ],
    [
      3.51,
      3.55,
      "d"
    ],
    [
      3.55,
      3.61,
      "i"
    ],
    [
      3.61,
      3.68,
      "n"
    ],
    [
      3.68,
      3.78,
      "f"
    ],
    [
      3.78,
      3.86,
      "r"
    ],
    [
      3.86,
      3.94,
      "uu"
    ],
    [
      3.94,
      4.14,
      "t"
    ],
    [
      4.14,
      5.2,
      "sil"
    ]
  ],
  "noise_dataset": null,
  "sentence": "Glucose and fructose are natural sugars found in fruit.",
  "speaker": "fjmw0",
  "speech": "fjmw0_097",
  "speech_dataset": "mocha_timit"
}