{
  "algo": "consensus",
  "labels": [
    [
      0.0,
      0.09,
      "sil"
    ],
    [
      0.09,
      0.99,
      "breath"
    ],
    [
      0.99,
      1.15,
      "sil"
    ],
    [
      1.15,
      1.25,
      "m"
    ],
    [
      1.25,
      1.28,
      "i"
    ],
    [
      1.28,
      1.38,
      "l"
    ],
    [
      1.38,
      1.42,
      "@"
    ],
    [
      1.42,
      1.5,
      "t"
    ],
    [
      1.5,
      1.54,
      "e"
    ],
    [
      1.54,
      1.61,
      "r"
    ],
    [
      1.61,
      1.68,
      "iy"
    ],
    [
      1.68,
      1.8,
      "p"
    ],
    [
      1.8,
      1.84,
      "@@"
    ],
    [
      1.84,
      1.88,
      "r"
    ],
    [
      1.88,
      2.01,
      "s"
    ],
    [
      2.01,
      2.04,
      "n"
    ],
    [
      2.04,
      2.12,
      "e"
    ],
    [
      2.12,
      2.29,
      "l"
    ],
    [
      2.29,
      2.32,
      "@"
    ],
    [
      2.32,
      2.41,
      "r"
    ],
    [
      2.41,
      2.44,
      "i"
    ],
    [
      2.44,
      2.53,
      "k"
    ],
    [
      2.53,
      2.62,
      "s"
    ],
    [
      2.62,
      2.69,
      "p"
    ],
    [
      2.69,
      2.78,
      "e"
    ],
    [
      2.78,
      2.84,
      "k"
    ],
    [
      2.84,
      2.89,
      "t"
    ],
    [
      2.89,
      2.96,
      "I7"
    ],
    [
      2.96,
      3.01,
      "d"
    ],
    [
      3.01,
      3.08,
      "t"
    ],
    [
      3.08,
      3.12,
      "@"
    ],
    [
      3.12,
      3.22,
      "ou"
    ],
    [
      3.22,
      3.31,
      "b"
    ],
    [
      3.31,
      3.45,
      "ei"
    ],
    [
      3.45,
      3.57,
      "g"
    ],
    [
      3.57,
      3.64,
      "uh"
    ],
    [
      3.64,
      3.7,
      "v"
    ],
    [
      3.7,
      3.73,
      "@"
    ],
    [
      3.73,
      3.76,
      "r"
    ],
    [
      3.76,
      3.84,
      "m"
    ],
    [
      3.84,
      3.88,
      "@"
    ],
    [
      3.88,
      3.95,
      "n"
    ],
    [
      3.95,
      4.0,
      "t"
    ],
    [
      4.0,
      4.11,
      "oo"
    ],
    [
      4.11,
      4.14,
      "r"
    ],
    [
      4.14,
      4.17,
      "d"
    ],
    [
      4.17,
      4.2,
      "@"
    ],
    [
      4.2,
      4.3,
      "r"
    ],
    [
      4.3,
      4.44,
      "z"
    ],
    [
      4.44,
      5.2,
      "sil"
    ]
  ],
  "noise_dataset": null,
  "sentence": "Military personnel are expected to obey government orders.",
  "speaker": "mjjn0",
  "speech": "mjjn0_209",
  "speech_dataset": "mocha_timit"
}