{
  "algo": "consensus",
  "labels": [
    [
      0.0,
      0.07,
      "sil"
    ],
    [
      0.07,
      0.78,
      "breath"
    ],
    [
      0.78,
      0.89,
      "sil"
    ],
    [
      0.89,
      0.94,
      "b"
    ],
    [
      0.94,
      1.03,
      "i"
    ],
    [
      1.03,
      1.13,
      "f"
    ],
    [
      1.13,
      1.28,
      "oo"
    ],
    [
      1.28,
      1.32,
      "r"
    ],
    [
      1.32,
      1.42,
      "th"
    ],
    [
      1.42,
      1.5,
      "@@"
    ],
    [
      1.5,
      1.55,
      "r"
    ],
    [
      1.55,
      1.62,
      "z"
    ],
    [
      1.62,
      1.69,
      "d"
    ],
    [
      1.69,
      1.8,
      "ei"
    ],
    [
      1.8,
      1.87,
      "z"
    ],
    [
      1.87,
      1.93,
      "i"
    ],
    [
      1.93,
      2.01,
      "g"
    ],
    [
      2.01,
      2.05,
      "z"
    ],
    [
      2.05,
      2.27,
      "a"
    ],
    [
      2.27,
      2.48,
      "m"
    ],
    [
      2.48,
      2.54,
      "r"
    ],
    [
      2.54,
      2.6,
      "i"
    ],
    [
      2.6,
      2.66,
      "v"
    ],
    [
      2.66,
      2.74,
      "y"
    ],
    [
      2.74,
      2.85,
      "uu"
    ],
    [
      2.85,
      2.96,
      "e"
    ],
    [
      2.96,
      3.03,
      "v"
    ],
    [
      3.03,
      3.07,
      "r"
    ],
    [
      3.07,
      3.14,
      "iy"
    ],
    [
      3.14,
      3.24,
      "f"
    ],
    [
      3.24,
      3.33,
      "oo"
    ],
    [
      3.33,
      3.36,
      "r"
    ],
    [
      3.36,
      3.44,
      "m"
    ],
    [
      3.44,
      3.47,
      "y"
    ],
    [
      3.47,
      3.5,
      "@"
    ],
    [
      3.5,
      3.65,
      "l"
    ],
    [
      3.65,
      3.69,
      "@"
    ],
    [
      3.69,
      4.45,
      "sil"
    ]
  ],
  "noise_dataset": null,
  "sentence": "Before Thursday's exam, review every formula.",
  "speaker": "mjjn0",
  "speech": "mjjn0_014",
  "speech_dataset": "mocha_timit"
}