{
  "algo": "consensus",
  "labels": [
    [
      0.0,
      0.07,
      "sil"
    ],
    [
      0.07,
      0.6,
      "breath"
    ],
    [
      0.6,
      0.63,
      "sil"
    ],
    [
      0.63,
      0.7,
      "h"
    ],
    [
      0.7,
      0.8,
      "i"
    ],
    [
      0.8,
      0.84,
      "z"
    ],
    [
      0.84,
      0.99,
      "s"
    ],
    [
      0.99,
      1.05,
      "k"
    ],
    [
      1.05,
      1.16,
      "a"
    ],
    [
      1.16,
      1.25,
      "l"
    ],
    [
      1.25,
      1.31,
      "p"
    ],
    [
      1.31,
      1.41,
      "w"
    ],
    [
      1.41,
      1.44,
      "@"
    ],
    [
      1.44,
      1.52,
      "z"
    ],
    [
      1.52,
      1.61,
      "b"
    ],
    [
      1.61,
      1.71,
      "l"
    ],
    [
      1.71,
      1.74,
      "i"
    ],
    [
      1.74,
      1.85,
      "s"
    ],
    [
      1.85,
      1.91,
      "t"
    ],
    [
      1.91,
      1.94,
      "@"
    ],
    [
      1.94,
      1.97,
      "r"
    ],
    [
      1.97,
      2.01,
      "d"
    ],
    [
      2.01,
      2.12,
      "f"
    ],
    [
      2.12,
      2.16,
      "r"
    ],
    [
      2.16,
      2.19,
      "@"
    ],
    [
      2.19,
      2.22,
      "m"
    ],
    [
      2.22,
      2.31,
      "t"
    ],
    [
      2.31,
      2.34,
      "@"
    ],
    [
      2.34,
      2.39,
      "d"
    ],
    [
      2.39,
      2.54,
      "ei"
    ],
    [
      2.54,
      2.62,
      "z"
    ],
    [
      2.62,
      2.67,
      "h"
    ],
    [
      2.67,
      2.82,
      "o"
    ],
    [
      2.82,
      2.87,
      "t"
    ],
    [
      2.87,
      2.98,
      "s"
    ],
    [
      2.98,
      3.1,
      "uh"
    ],
    [
      3.1,
      3.25,
      "n"
    ],
    [
      3.25,
      4.2,
      "sil"
    ]
  ],
  "noise_dataset": null,
  "sentence": "His scalp was blistered from today's hot sun.",
  "speaker": "mjjn0",
  "speech": "mjjn0_110",
  "speech_dataset": "mocha_timit"
}