{
  "algo": "consensus",
  "labels": [
    [
      0.0,
      0.19,
      "sil"
    ],
    [
      0.19,
      0.29,
      "breath"
    ],
    [
      0.29,
      0.49,
      "sil"
    ],
    [
      0.49,
      0.6,
      "i"
    ],
    [
      0.6,
      0.69,
      "g"
    ],
    [
      0.69,
      0.73,
      "w"
    ],
    [
      0.73,
      0.9,
      "aa"
    ],
    [
      0.9,
      0.96,
      "n"
    ],
    [
      0.96,
      1.12,
      "@"
    ],
    [
      1.12,
      1.27,
      "z"
    ],
    [
      1.27,
      1.31,
      "@"
    ],
    [
      1.31,
      1.39,
      "n"
    ],
    [
      1.39,
      1.43,
      "d"
    ],
    [
      1.43,
      1.55,
      "a"
    ],
    [
      1.55,
      1.59,
      "l"
    ],
    [
      1.59,
      1.65,
      "i"
    ],
    [
      1.65,
      1.71,
      "g"
    ],
    [
      1.71,
      1.85,
      "ei"
    ],
    [
      1.85,
      1.93,
      "t"
    ],
    [
      1.93,
      2.06,
      "@"
    ],
    [
      2.06,
      2.16,
      "z"
    ],
    [
      2.16,
      2.3,
      "@"
    ],
    [
      2.3,
      2.45,
      "t"
    ],
    [
      2.45,
      2.48,
      "r"
    ],
    [
      2.48,
      2.52,
      "o"
    ],
    [
      2.52,
      2.58,
      "p"
    ],
    [
      2.58,
      2.62,
      "i"
    ],
    [
      2.62,
      2.71,
      "k"
    ],
    [
      2.71,
      2.87,
      "l"
    ],
    [
      2.87,
      2.92,
      "r"
    ],
    [
      2.92,
      3.01,
      "e"
    ],
    [
      3.01,
      3.11,
      "p"
    ],
    [
      3.11,
      3.2,
      "t"
    ],
    [
      3.2,
      3.36,
      "ai"
    ],
    [
      3.36,
      3.49,
      "l"
    ],
    [
      3.49,
      3.73,
      "z"
    ],
    [
      3.73,
      4.45,
      "sil"
    ]
  ],
  "noise_dataset": null,
  "sentence": "Iguanas and alligators are tropical reptiles.",
  "speaker": "fsew0",
  "speech": "fsew0_095",
  "speech_dataset": "mocha_timit"
}