{
  "algo": "consensus",
  "labels": [
    [
      0.0,
      0.25,
      "sil"
    ],
    [
      0.25,
      0.7,
      "breath"
    ],
    [
      0.7,
      1.12,
      "sil"
    ],
    [
      1.12,
      1.22,
      "dh"
    ],
    [
      1.22,
      1.3,
      "@"
    ],
    [
      1.3,
      1.41,
      "t"
    ],
    [
      1.41,
      1.54,
      "o"
    ],
    [
      1.54,
      1.57,
      "d"
    ],
    [
      1.57,
      1.64,
      "l"
    ],
    [
      1.64,
      1.67,
      "@"
    ],
    [
      1.67,
      1.76,
      "r"
    ],
    [
      1.76,
      1.88,
      "f"
    ],
    [
      1.88,
      2.0,
      "ow"
    ],
    [
      2.0,
      2.04,
      "n"
    ],
    [
      2.04,
      2.07,
      "d"
    ],
    [
      2.07,
      2.12,
      "@"
    ],
    [
      2.12,
      2.23,
      "k"
    ],
    [
      2.23,
      2.29,
      "l"
    ],
    [
      2.29,
      2.37,
      "a"
    ],
    [
      2.37,
      2.45,
      "m"
    ],
    [
      2.45,
      2.56,
      "sh"
    ],
    [
      2.56,
      2.63,
      "e"
    ],
    [
      2.63,
      2.7,
      "l"
    ],
    [
      2.7,
      2.79,
      "n"
    ],
    [
      2.79,
      2.88,
      "i@"
    ],
    [
      2.88,
      2.91,
      "r"
    ],
    [
      2.91,
      2.95,
      "dh"
    ],
    [
      2.95,
      3.0,
      "@"
    ],
    [
      3.0,
      3.11,
      "k"
    ],
    [
      3.11,
      3.22,
      "a"
    ],
    [
      3.22,
      3.25,
      "m"
    ],
    [
      3.25,
      3.33,
      "p"
    ],
    [
      3.33,
      3.4,
      "s"
    ],
    [
      3.4,
      3.53,
      "ai"
    ],
    [
      3.53,
      3.65,
      "t"
    ],
    [
      3.65,
      4.45,
      "sil"
    ]
  ],
  "noise_dataset": null,
  "sentence": "The toddler found a clamshell near the camp site.",
  "speaker": "mjjn0",
  "speech": "mjjn0_451",
  "speech_dataset": "mocha_timit"
}