{
  "algo": "consensus",
  "labels": [
    [
      0.0,
      0.13,
      "sil"
    ],
    [
      0.13,
      0.45,
      "breath"
    ],
    [
      0.45,
      0.59,
      "sil"
    ],
    [
      0.59,
      0.67,
      "w"
    ],
    [
      0.67,
      0.71,
      "o"
    ],
    [
      0.71,
      0.79,
      "t"
    ],
    [
      0.79,
      0.86,
      "i"
    ],
    [
      0.86,
      0.96,
      "z"
    ],
    [
      0.96,
      0.99,
      "dh"
    ],
    [
      0.99,
      1.03,
      "i"
    ],
    [
      1.03,
      1.16,
      "s"
    ],
    [
      1.16,
      1.21,
      "l"
    ],
    [
      1.21,
      1.33,
      "aa"
    ],
    [
      1.33,
      1.43,
      "jh"
    ],
    [
      1.43,
      1.52,
      "th"
    ],
    [
      1.52,
      1.57,
      "i"
    ],
    [
      1.57,
      1.72,
      "ng"
    ],
    [
      1.72,
      1.75,
      "b"
    ],
    [
      1.75,
      1.9,
      "ai"
    ],
    [
      1.9,
      1.95,
      "dh"
    ],
    [
      1.95,
      2.02,
      "@"
    ],
    [
      2.02,
      2.16,
      "ai"
    ],
    [
      2.16,
      2.19,
      "@"
    ],
    [
      2.19,
      2.24,
      "n"
    ],
    [
      2.24,
      2.27,
      "i"
    ],
    [
      2.27,
      2.38,
      "ng"
    ],
    [
      2.38,
      2.44,
      "b"
    ],
    [
      2.44,
      2.63,
      "oo"
    ],
    [
      2.63,
      2.7,
      "d"
    ],
    [
      2.7,
      3.94,
      "sil"
    ]
  ],
  "noise_dataset": null,
  "sentence": "What is this large thing by the ironing board?",
  "speaker": "msak0",
  "speech": "msak0_452",
  "speech_dataset": "mocha_timit"
}