{
  "algo": "consensus",
  "labels": [
    [
      0.0,
      0.17,
      "sil"
    ],
    [
      0.17,
      0.59,
      "breath"
    ],
    [
      0.59,
      0.68,
      "sil"
    ],
    [
      0.68,
      0.82,
      "h"
    ],
    [
      0.82,
      0.93,
      "ow"
    ],
    [
      0.93,
      1.04,
      "p"
    ],
    [
      1.04,
      1.14,
      "@@"
    ],
    [
      1.14,
      1.21,
      "m"
    ],
    [
      1.21,
      1.24,
      "@"
    ],
    [
      1.24,
      1.27,
      "n"
    ],
    [
      1.27,
      1.33,
      "@"
    ],
    [
      1.33,
      1.38,
      "n"
    ],
    [
      1.38,
      1.45,
      "t"
    ],
    [
      1.45,
      1.48,
      "@"
    ],
    [
      1.48,
      1.51,
      "dh"
    ],
    [
      1.51,
      1.71,
      "eir"
    ],
    [
      1.71,
      1.8,
      "r"
    ],
    [
      1.8,
      1.83,
      "i"
    ],
    [
      1.83,
      1.96,
      "k"
    ],
    [
      1.96,
      2.11,
      "oo"
    ],
    [
      2.11,
      2.2,
      "d"
    ],
    [
      2.2,
      2.34,
      "z"
    ],
    [
      2.34,
      3.45,
      "sil"
    ]
  ],
  "noise_dataset": null,
  "sentence": "How permanent are their records?",
  "speaker": "msak0",
  "speech": "msak0_221",
  "speech_dataset": "mocha_timit"
}