{
  "algo": "consensus",
  "labels": [
    [
      0.0,
      0.06,
      "sil"
    ],
    [
      0.06,
      1.06,
      "breath"
    ],
    [
      1.06,
      1.15,
      "sil"
    ],
    [
      1.15,
      1.22,
      "dh"
    ],
    [
      1.22,
      1.28,
      "@"
    ],
    [
      1.28,
      1.38,
      "h"
    ],
    [
      1.38,
      1.53,
      "ai"
    ],
    [
      1.53,
      1.63,
      "s"
    ],
    [
      1.63,
      1.69,
      "i"
    ],
    [
      1.69,
      1.79,
      "k"
    ],
    [
      1.79,
      1.82,
      "y"
    ],
    [
      1.82,
      1.85,
      "uu"
    ],
    [
      1.85,
      1.88,
      "@"
    ],
    [
      1.88,
      1.91,
      "r"
    ],
    [
      1.91,
      1.94,
      "@"
    ],
    [
      1.94,
      1.97,
      "t"
    ],
    [
      1.97,
      2.03,
      "iy"
    ],
    [
      2.03,
      2.14,
      "p"
    ],
    [
      2.14,
      2.19,
      "r"
    ],
    [
      2.19,
      2.24,
      "i"
    ],
    [
      2.24,
      2.32,
      "z"
    ],
    [
      2.32,
      2.42,
      "n"
    ],
    [
      2.42,
      2.53,
      "w"
    ],
    [
      2.53,
      2.56,
      "@"
    ],
    [
      2.56,
      2.6,
      "z"
    ],
    [
      2.6,
      2.69,
      "s"
    ],
    [
      2.69,
      2.75,
      "@"
    ],
    [
      2.75,
      2.84,
      "r"
    ],
    [
      2.84,
      2.94,
      "ow"
    ],
    [
      2.94,
      2.98,
      "n"
    ],
    [
      2.98,
      3.01,
      "d"
    ],
    [
      3.01,
      3.07,
      "I7"
    ],
    [
      3.07,
      3.12,
      "d"
    ],
    [
      3.12,
      3.16,
      "b"
    ],
    [
      3.16,
      3.26,
      "ai"
    ],
    [
      3.26,
      3.36,
      "b"
    ],
    [
      3.36,
      3.49,
      "aa"
    ],
    [
      3.49,
      3.52,
      "r"
    ],
    [
      3.52,
      3.6,
      "b"
    ],
    [
      3.6,
      3.63,
      "d"
    ],
    [
      3.63,
      3.71,
      "w"
    ],
    [
      3.71,
      3.88,
      "ai"
    ],
    [
      3.88,
      3.93,
      "r"
    ],
    [
      3.93,
      4.7,
      "sil"
    ]
  ],
  "noise_dataset": null,
  "sentence": "The high security prison was surrounded by barbed wire.",
  "speaker": "mjjn0",
  "speech": "mjjn0_346",
  "speech_dataset": "mocha_timit"
}