{
  "algo": "consensus",
  "labels": [
    [
      0.0,
      0.27,
      "sil"
    ],
    [
      0.27,
      0.46,
      "breath"
    ],
    [
      0.46,
      0.63,
      "sil"
    ],
    [
      0.63,
      0.77,
      "k"
    ],
    [
      0.77,
      0.82,
      "y"
    ],
    [
      0.82,
      0.85,
      "uu"
    ],
    [
      0.85,
      0.9,
      "@"
    ],
    [
      0.9,
      1.0,
      "r"
    ],
    [
      1.0,
      1.03,
      "ii"
    ],
    [
      1.03,
      1.09,
      "o"
    ],
    [
      1.09,
      1.18,
      "s"
    ],
    [
      1.18,
      1.24,
      "@"
    ],
    [
      1.24,
      1.32,
      "t"
    ],
    [
      1.32,
      1.41,
      "iy"
    ],
    [
      1.41,
      1.44,
      "@"
    ],
    [
      1.44,
      1.47,
      "n"
    ],
    [
      1.47,
      1.5,
      "d"
    ],
    [
      1.5,
      1.55,
      "m"
    ],
    [
      1.55,
      1.64,
      "ii"
    ],
    [
      1.64,
      1.71,
      "d"
    ],
    [
      1.71,
      1.8,
      "ii"
    ],
    [
      1.8,
      1.87,
      "o"
    ],
    [
      1.87,
      1.96,
      "k"
    ],
    [
      1.96,
      2.0,
      "r"
    ],
    [
      2.0,
      2.04,
      "@"
    ],
    [
      2.04,
      2.12,
      "t"
    ],
    [
      2.12,
      2.2,
      "iy"
    ],
    [
      2.2,
      2.34,
      "s"
    ],
    [
      2.34,
      2.39,
      "e"
    ],
    [
      2.39,
      2.48,
      "l"
    ],
    [
      2.48,
      2.51,
      "d"
    ],
    [
      2.51,
      2.56,
      "@"
    ],
    [
      2.56,
      2.65,
      "m"
    ],
    [
      2.65,
      2.76,
      "k"
    ],
    [
      2.76,
      2.88,
      "ou"
    ],
    [
      2.88,
      2.91,
      "i"
    ],
    [
      2.91,
      2.98,
      "g"
    ],
    [
      2.98,
      3.03,
      "z"
    ],
    [
      3.03,
      3.14,
      "i"
    ],
    [
      3.14,
      3.29,
      "s"
    ],
    [
      3.29,
      3.36,
      "t"
    ],
    [
      3.36,
      4.95,
      "sil"
    ]
  ],
  "noise_dataset": null,
  "sentence": "Curiosity and mediocrity seldom co-exist.",
  "speaker": "msak0",
  "speech": "msak0_166",
  "speech_dataset": "mocha_timit"
}