{
  "algo": "consensus",
  "labels": [
    [
      0.0,
      0.06,
      "sil"
    ],
    [
      0.06,
      0.89,
      "breath"
    ],
    [
      0.89,
      1.12,
      "sil"
    ],
    [
      1.12,
      1.23,
      "k"
    ],
    [
      1.23,
      1.27,
      "y"
    ],
    [
      1.27,
      1.3,
      "uu"
    ],
    [
      1.3,
      1.33,
      "@"
    ],
    [
      1.33,
      1.37,
      "r"
    ],
    [
      1.37,
      1.45,
      "ii"
    ],
    [
      1.45,
      1.57,
      "o"
    ],
    [
      1.57,
      1.67,
      "s"
    ],
    [
      1.67,
      1.72,
      "@"
    ],
    [
      1.72,
      1.75,
      "t"
    ],
    [
      1.75,
      1.94,
      "iy"
    ],
    [
      1.94,
      1.99,
      "@"
    ],
    [
      1.99,
      2.06,
      "n"
    ],
    [
      2.06,
      2.09,
      "d"
    ],
    [
      2.09,
      2.14,
      "m"
    ],
    [
      2.14,
      2.22,
      "ii"
    ],
    [
      2.22,
      2.25,
      "d"
    ],
    [
      2.25,
      2.37,
      "ii"
    ],
    [
      2.37,
      2.47,
      "o"
    ],
    [
      2.47,
      2.59,
      "k"
    ],
    [
      2.59,
      2.62,
      "r"
    ],
    [
      2.62,
      2.65,
      "@"
    ],
    [
      2.65,
      2.76,
      "t"
    ],
    [
      2.76,
      2.91,
      "iy"
    ],
    [
      2.91,
      3.15,
      "s"
    ],
    [
      3.15,
      3.2,
      "e"
    ],
    [
      3.2,
      3.29,
      "l"
    ],
    [
      3.29,
      3.32,
      "d"
    ],
    [
      3.32,
      3.36,
      "@"
    ],
    [
      3.36,
      3.45,
      "m"
    ],
    [
      3.45,
      3.54,
      "k"
    ],
    [
      3.54,
      3.69,
      "ou"
    ],
    [
      3.69,
      3.72,
      "i"
    ],
    [
      3.72,
      3.79,
      "g"
    ],
    [
      3.79,
      3.87,
      "z"
    ],
    [
      3.87,
      3.96,
      "i"
    ],
    [
      3.96,
      4.09,
      "s"
    ],
    [
      4.09,
      4.15,
      "t"
    ],
    [
      4.15,
      4.95,
      "sil"
    ]
  ],
  "noise_dataset": null,
  "sentence": "Curiosity and mediocrity seldom co-exist.",
  "speaker": "mjjn0",
  "speech": "mjjn0_166",
  "speech_dataset": "mocha_timit"
}