{
  "algo": "consensus",
  "labels": [
    [
      0.0,
      0.15,
      "sil"
    ],
    [
      0.15,
      0.31,
      "breath"
    ],
    [
      0.31,
      0.48,
      "sil"
    ],
    [
      0.48,
      0.52,
      "dh"
    ],
    [
      0.52,
      0.57,
      "@"
    ],
    [
      0.57,
      0.65,
      "b"
    ],
    [
      0.65,
      0.77,
      "o"
    ],
    [
      0.77,
      0.89,
      "s"
    ],
    [
      0.89,
      0.92,
      "t"
    ],
    [
      0.92,
      0.96,
      "@"
    ],
    [
      0.96,
      1.05,
      "n"
    ],
    [
      1.05,
      1.09,
      "b"
    ],
    [
      1.09,
      1.29,
      "a"
    ],
    [
      1.29,
      1.37,
      "l"
    ],
    [
      1.37,
      1.58,
      "ei"
    ],
    [
      1.58,
      1.8,
      "ou"
    ],
    [
      1.8,
      1.86,
      "v"
    ],
    [
      1.86,
      1.89,
      "@"
    ],
    [
      1.89,
      1.92,
      "r"
    ],
    [
      1.92,
      1.96,
      "k"
    ],
    [
      1.96,
      2.05,
      "ei"
    ],
    [
      2.05,
      2.08,
      "m"
    ],
    [
      2.08,
      2.11,
      "dh"
    ],
    [
      2.11,
      2.14,
      "ei"
    ],
    [
      2.14,
      2.17,
      "r"
    ],
    [
      2.17,
      2.32,
      "f"
    ],
    [
      2.32,
      2.37,
      "uh"
    ],
    [
      2.37,
      2.48,
      "n"
    ],
    [
      2.48,
      2.51,
      "d"
    ],
    [
      2.51,
      2.56,
      "i"
    ],
    [
      2.56,
      2.66,
      "ng"
    ],
    [
      2.66,
      2.81,
      "sh"
    ],
    [
      2.81,
      2.93,
      "o"
    ],
    [
      2.93,
      2.97,
      "r"
    ],
    [
      2.97,
      3.09,
      "t"
    ],
    [
      3.09,
      3.17,
      "i"
    ],
    [
      3.17,
      3.41,
      "jh"
    ],
    [
      3.41,
      4.2,
      "sil"
    ]
  ],
  "noise_dataset": null,
  "sentence": "The Boston Ballet overcame their funding shortage.",
  "speaker": "ffes0",
  "speech": "ffes0_255",
  "speech_dataset": "mocha_timit"
}