{
  "algo": "consensus",
  "labels": [
    [
      0.0,
      0.06,
      "sil"
    ],
    [
      0.06,
      0.36,
      "breath"
    ],
    [
      0.36,
      0.69,
      "sil"
    ],
    [
      0.69,
      0.79,
      "@"
    ],
    [
      0.79,
      0.87,
      "m"
    ],
    [
      0.87,
      1.02,
      "o"
    ],
    [
      1.02,
      1.19,
      "th"
    ],
    [
      1.19,
      1.3,
      "z"
    ],
    [
      1.3,
      1.39,
      "i"
    ],
    [
      1.39,
      1.47,
      "g"
    ],
    [
      1.47,
      1.54,
      "z"
    ],
    [
      1.54,
      1.68,
      "a"
    ],
    [
      1.68,
      1.75,
      "g"
    ],
    [
      1.75,
      1.8,
      "d"
    ],
    [
      1.8,
      1.84,
      "@"
    ],
    [
      1.84,
      1.95,
      "l"
    ],
    [
      1.95,
      2.05,
      "o"
    ],
    [
      2.05,
      2.1,
      "ng"
    ],
    [
      2.1,
      2.13,
      "dh"
    ],
    [
      2.13,
      2.17,
      "@"
    ],
    [
      2.17,
      2.29,
      "p"
    ],
    [
      2.29,
      2.46,
      "a"
    ],
    [
      2.46,
      2.58,
      "th"
    ],
    [
      2.58,
      2.61,
      "th"
    ],
    [
      2.61,
      2.64,
      "r"
    ],
    [
      2.64,
      2.7,
      "uu"
    ],
    [
      2.7,
      2.88,
      "o"
    ],
    [
      2.88,
      2.99,
      "t"
    ],
    [
      2.99,
      3.05,
      "ou"
    ],
    [
      3.05,
      3.12,
      "z"
    ],
    [
      3.12,
      3.19,
      "g"
    ],
    [
      3.19,
      3.38,
      "a"
    ],
    [
      3.38,
      3.41,
      "r"
    ],
    [
      3.41,
      3.53,
      "d"
    ],
    [
      3.53,
      3.66,
      "n"
    ],
    [
      3.66,
      4.7,
      "sil"
    ]
  ],
  "noise_dataset": null,
  "sentence": "A moth zig-zagged along the path through Otto's garden.",
  "speaker": "ffes0",
  "speech": "ffes0_433",
  "speech_dataset": "mocha_timit"
}