{
  "algo": "consensus",
  "labels": [
    [
      0.0,
      0.07,
      "sil"
    ],
    [
      0.07,
      0.39,
      "breath"
    ],
    [
      0.39,
      0.89,
      "sil"
    ],
    [
      0.89,
      1.05,
      "w"
    ],
    [
      1.05,
      1.15,
      "eir"
    ],
    [
      1.15,
      1.3,
      "w"
    ],
    [
      1.3,
      1.44,
      "@@"
    ],
    [
      1.44,
      1.58,
      "y"
    ],
    [
      1.58,
      1.64,
      "uu"
    ],
    [
      1.64,
      1.76,
      "w"
    ],
    [
      1.76,
      1.87,
      "ai"
    ],
    [
      1.87,
      1.9,
      "l"
    ],
    [
      1.9,
      1.97,
      "w"
    ],
    [
      1.97,
      2.04,
      "ii"
    ],
    [
      2.04,
      2.14,
      "w"
    ],
    [
      2.14,
      2.23,
      "@@"
    ],
    [
      2.23,
      2.31,
      "r"
    ],
    [
      2.31,
      2.34,
      "@"
    ],
    [
      2.34,
      2.43,
      "w"
    ],
    [
      2.43,
      2.73,
      "ei"
    ],
    [
      2.73,
      3.45,
      "sil"
    ]
  ],
  "noise_dataset": null,
  "sentence": "Where were you while we were away?",
  "speaker": "fjmw0",
  "speech": "fjmw0_009",
  "speech_dataset": "mocha_timit"
}