{
  "algo": "consensus",
  "labels": [
    [
      0.0,
      0.16,
      "sil"
    ],
    [
      0.16,
      0.2,
      "breath"
    ],
    [
      0.2,
      0.44,
      "sil"
    ],
    [
      0.44,
      0.47,
      "dh"
    ],
    [
      0.47,
      0.5,
      "@"
    ],
    [
      0.5,
      0.6,
      "f"
    ],
    [
      0.6,
      0.76,
      "o"
    ],
    [
      0.76,
      0.81,
      "g"
    ],
    [
      0.81,
      0.89,
      "p"
    ],
    [
      0.89,
      0.92,
      "r"
    ],
    [
      0.92,
      0.95,
      "i"
    ],
    [
      0.95,
      0.99,
      "v"
    ],
    [
      0.99,
      1.08,
      "e"
    ],
    [
      1.08,
      1.16,
      "n"
    ],
    [
      1.16,
      1.2,
      "t"
    ],
    [
      1.2,
      1.25,
      "i"
    ],
    [
      1.25,
      1.3,
      "d"
    ],
    [
      1.3,
      1.33,
      "dh"
    ],
    [
      1.33,
      1.4,
      "@"
    ],
    [
      1.4,
      1.48,
      "m"
    ],
    [
      1.48,
      1.52,
      "f"
    ],
    [
      1.52,
      1.56,
      "r"
    ],
    [
      1.56,
      1.59,
      "@"
    ],
    [
      1.59,
      1.64,
      "m"
    ],
    [
      1.64,
      1.69,
      "@"
    ],
    [
      1.69,
      1.79,
      "r"
    ],
    [
      1.79,
      1.92,
      "ai"
    ],
    [
      1.92,
      1.96,
      "v"
    ],
    [
      1.96,
      2.0,
      "i"
    ],
    [
      2.0,
      2.09,
      "ng"
    ],
    [
      2.09,
      2.15,
      "o"
    ],
    [
      2.15,
      2.23,
      "n"
    ],
    [
      2.23,
      2.32,
      "t"
    ],
    [
      2.32,
      2.51,
      "ai"
    ],
    [
      2.51,
      2.61,
      "m"
    ],
    [
      2.61,
      3.45,
      "sil"
    ]
  ],
  "noise_dataset": null,
  "sentence": "The fog prevented them from arriving on time.",
  "speaker": "fsew0",
  "speech": "fsew0_328",
  "speech_dataset": "mocha_timit"
}