{
  "algo": "consensus",
  "labels": [
    [
      0.0,
      0.09,
      "sil"
    ],
    [
      0.09,
      0.13,
      "breath"
    ],
    [
      0.13,
      0.4,
      "sil"
    ],
    [
      0.4,
      0.5,
      "jh"
    ],
    [
      0.5,
      0.76,
      "oo"
    ],
    [
      0.76,
      0.9,
      "jh"
    ],
    [
      0.9,
      0.95,
      "i"
    ],
    [
      0.95,
      1.03,
      "z"
    ],
    [
      1.03,
      1.25,
      "p"
    ],
    [
      1.25,
      1.34,
      "a"
    ],
    [
      1.34,
      1.37,
      "r"
    ],
    [
      1.37,
      1.4,
      "@"
    ],
    [
      1.4,
      1.51,
      "n"
    ],
    [
      1.51,
      1.7,
      "oi"
    ],
    [
      1.7,
      1.8,
      "d"
    ],
    [
      1.8,
      1.83,
      "@"
    ],
    [
      1.83,
      1.93,
      "b"
    ],
    [
      1.93,
      2.02,
      "ow"
    ],
    [
      2.02,
      2.08,
      "t"
    ],
    [
      2.08,
      2.11,
      "@"
    ],
    [
      2.11,
      2.25,
      "f"
    ],
    [
      2.25,
      2.31,
      "y"
    ],
    [
      2.31,
      2.38,
      "uu"
    ],
    [
      2.38,
      2.49,
      "t"
    ],
    [
      2.49,
      2.53,
      "y"
    ],
    [
      2.53,
      2.57,
      "@"
    ],
    [
      2.57,
      2.71,
      "g"
    ],
    [
      2.71,
      2.83,
      "a"
    ],
    [
      2.83,
      2.86,
      "s"
    ],
    [
      2.86,
      3.03,
      "sh"
    ],
    [
      3.03,
      3.18,
      "oo"
    ],
    [
      3.18,
      3.29,
      "t"
    ],
    [
      3.29,
      3.37,
      "i"
    ],
    [
      3.37,
      3.58,
      "jh"
    ],
    [
      3.58,
      4.44,
      "sil"
    ]
  ],
  "noise_dataset": null,
  "sentence": "George is paranoid about a future gas shortage.",
  "speaker": "fsew0",
  "speech": "fsew0_388",
  "speech_dataset": "mocha_timit"
}