{
  "algo": "consensus",
  "labels": [
    [
      0.0,
      0.07,
      "sil"
    ],
    [
      0.07,
      1.22,
      "breath"
    ],
    [
      1.22,
      1.3,
      "sil"
    ],
    [
      1.3,
      1.47,
      "ai"
    ],
    [
      1.47,
      1.53,
      "d"
    ],
    [
      1.53,
      1.63,
      "r"
    ],
    [
      1.63,
      1.72,
      "ai"
    ],
    [
      1.72,
      1.77,
      "d"
    ],
    [
      1.77,
      1.8,
      "dh"
    ],
    [
      1.8,
      1.85,
      "@"
    ],
    [
      1.85,
      1.97,
      "s"
    ],
    [
      1.97,
      2.07,
      "uh"
    ],
    [
      2.07,
      2.14,
      "b"
    ],
    [
      2.14,
      2.22,
      "w"
    ],
    [
      2.22,
      2.35,
      "ei"
    ],
    [
      2.35,
      2.47,
      "b"
    ],
    [
      2.47,
      2.53,
      "@"
    ],
    [
      2.53,
      2.57,
      "t"
    ],
    [
      2.57,
      2.66,
      "ai"
    ],
    [
      2.66,
      2.73,
      "h"
    ],
    [
      2.73,
      2.78,
      "a"
    ],
    [
      2.78,
      2.83,
      "v"
    ],
    [
      2.83,
      2.91,
      "n"
    ],
    [
      2.91,
      2.95,
      "t"
    ],
    [
      2.95,
      2.98,
      "i"
    ],
    [
      2.98,
      3.03,
      "n"
    ],
    [
      3.03,
      3.1,
      "uh"
    ],
    [
      3.1,
      3.23,
      "f"
    ],
    [
      3.23,
      3.32,
      "sh"
    ],
    [
      3.32,
      3.38,
      "o"
    ],
    [
      3.38,
      3.56,
      "n"
    ],
    [
      3.56,
      3.7,
      "zh"
    ],
    [
      3.7,
      4.45,
      "sil"
    ]
  ],
  "noise_dataset": null,
  "sentence": "I'd ride the subway, but I haven't enough change.",
  "speaker": "mjjn0",
  "speech": "mjjn0_415",
  "speech_dataset": "mocha_timit"
}