{
  "algo": "consensus",
  "labels": [
    [
      0.0,
      0.4,
      "sil"
    ],
    [
      0.4,
      0.75,
      "breath"
    ],
    [
      0.75,
      1.13,
      "sil"
    ],
    [
      1.13,
      1.18,
      "dh"
    ],
    [
      1.18,
      1.21,
      "@"
    ],
    [
      1.21,
      1.35,
      "a"
    ],
    [
      1.35,
      1.41,
      "d"
    ],
    [
      1.41,
      1.44,
      "v"
    ],
    [
      1.44,
      1.5,
      "@"
    ],
    [
      1.5,
      1.6,
      "t"
    ],
    [
      1.6,
      1.76,
      "ai"
    ],
    [
      1.76,
      1.84,
      "z"
    ],
    [
      1.84,
      1.89,
      "i"
    ],
    [
      1.89,
      1.99,
      "ng"
    ],
    [
      1.99,
      2.1,
      "v"
    ],
    [
      2.1,
      2.33,
      "@@"
    ],
    [
      2.33,
      2.46,
      "s"
    ],
    [
      2.46,
      2.51,
      "@"
    ],
    [
      2.51,
      2.57,
      "v"
    ],
    [
      2.57,
      2.67,
      "p"
    ],
    [
      2.67,
      2.72,
      "l"
    ],
    [
      2.72,
      2.76,
      "i"
    ],
    [
      2.76,
      2.81,
      "m"
    ],
    [
      2.81,
      2.88,
      "@"
    ],
    [
      2.88,
      2.96,
      "th"
    ],
    [
      2.96,
      3.03,
      "v"
    ],
    [
      3.03,
      3.07,
      "@"
    ],
    [
      3.07,
      3.17,
      "r"
    ],
    [
      3.17,
      3.33,
      "ai"
    ],
    [
      3.33,
      3.36,
      "@"
    ],
    [
      3.36,
      3.39,
      "t"
    ],
    [
      3.39,
      3.42,
      "iy"
    ],
    [
      3.42,
      3.7,
      "s"
    ],
    [
      3.7,
      3.78,
      "t"
    ],
    [
      3.78,
      4.01,
      "oo"
    ],
    [
      4.01,
      4.04,
      "n"
    ],
    [
      4.04,
      4.08,
      "e"
    ],
    [
      4.08,
      4.5,
      "v"
    ],
    [
      4.5,
      4.8,
      "@"
    ],
    [
      4.8,
      4.94,
      "ch"
    ],
    [
      4.94,
      5.09,
      "ei"
    ],
    [
      5.09,
      5.23,
      "n"
    ],
    [
      5.23,
      5.28,
      "jh"
    ],
    [
      5.28,
      5.42,
      "i"
    ],
    [
      5.42,
      5.59,
      "z"
    ],
    [
      5.59,
      6.45,
      "sil"
    ]
  ],
  "noise_dataset": null,
  "sentence": "The advertising verse of Plymouth Variety Store never changes.",
  "speaker": "fjmw0",
  "speech": "fjmw0_447",
  "speech_dataset": "mocha_timit"
}