{
  "algo": "consensus",
  "labels": [
    [
      0.0,
      0.09,
      "sil"
    ],
    [
      0.09,
      0.2,
      "breath"
    ],
    [
      0.2,
      0.46,
      "sil"
    ],
    [
      0.46,
      0.57,
      "uh"
    ],
    [
      0.57,
      0.6,
      "p"
    ],
    [
      0.6,
      0.69,
      "g"
    ],
    [
      0.69,
      0.72,
      "r"
    ],
    [
      0.72,
      0.86,
      "ei"
    ],
    [
      0.86,
      0.92,
      "d"
    ],
    [
      0.92,
      0.97,
      "y"
    ],
    [
      0.97,
      1.0,
      "o"
    ],
    [
      1.0,
      1.03,
      "r"
    ],
    [
      1.03,
      1.18,
      "s"
    ],
    [
      1.18,
      1.24,
      "t"
    ],
    [
      1.24,
      1.35,
      "ei"
    ],
    [
      1.35,
      1.44,
      "t"
    ],
    [
      1.44,
      1.48,
      "@"
    ],
    [
      1.48,
      1.55,
      "s"
    ],
    [
      1.55,
      1.64,
      "t"
    ],
    [
      1.64,
      1.67,
      "@"
    ],
    [
      1.67,
      1.7,
      "r"
    ],
    [
      1.7,
      1.76,
      "i"
    ],
    [
      1.76,
      1.9,
      "f"
    ],
    [
      1.9,
      1.96,
      "l"
    ],
    [
      1.96,
      2.06,
      "e"
    ],
    [
      2.06,
      2.09,
      "k"
    ],
    [
      2.09,
      2.17,
      "t"
    ],
    [
      2.17,
      2.21,
      "y"
    ],
    [
      2.21,
      2.24,
      "o"
    ],
    [
      2.24,
      2.27,
      "r"
    ],
    [
      2.27,
      2.33,
      "w"
    ],
    [
      2.33,
      2.41,
      "e"
    ],
    [
      2.41,
      2.54,
      "l"
    ],
    [
      2.54,
      2.62,
      "th"
    ],
    [
      2.62,
      3.45,
      "sil"
    ]
  ],
  "noise_dataset": null,
  "sentence": "Upgrade your status to reflect your wealth.",
  "speaker": "ffes0",
  "speech": "ffes0_068",
  "speech_dataset": "mocha_timit"
}