{
  "algo": "consensus",
  "labels": [
    [
      0.0,
      0.07,
      "sil"
    ],
    [
      0.07,
      1.02,
      "breath"
    ],
    [
      1.02,
      1.17,
      "sil"
    ],
    [
      1.17,
      1.3,
      "@"
    ],
    [
      1.3,
      1.38,
      "d"
    ],
    [
      1.38,
      1.45,
      "i"
    ],
    [
      1.45,
      1.56,
      "sh"
    ],
    [
      1.56,
      1.67,
      "n"
    ],
    [
      1.67,
      1.78,
      "@"
    ],
    [
      1.78,
      1.81,
      "n"
    ],
    [
      1.81,
      1.84,
      "d"
    ],
    [
      1.84,
      1.92,
      "s"
    ],
    [
      1.92,
      1.97,
      "@"
    ],
    [
      1.97,
      2.03,
      "b"
    ],
    [
      2.03,
      2.09,
      "t"
    ],
    [
      2.09,
      2.14,
      "r"
    ],
    [
      2.14,
      2.23,
      "a"
    ],
    [
      2.23,
      2.3,
      "k"
    ],
    [
      2.3,
      2.39,
      "sh"
    ],
    [
      2.39,
      2.46,
      "n"
    ],
    [
      2.46,
      2.53,
      "@"
    ],
    [
      2.53,
      2.64,
      "r"
    ],
    [
      2.64,
      2.71,
      "l"
    ],
    [
      2.71,
      2.81,
      "@@"
    ],
    [
      2.81,
      2.84,
      "r"
    ],
    [
      2.84,
      2.89,
      "n"
    ],
    [
      2.89,
      2.92,
      "I7"
    ],
    [
      2.92,
      2.96,
      "d"
    ],
    [
      2.96,
      3.1,
      "s"
    ],
    [
      3.1,
      3.15,
      "k"
    ],
    [
      3.15,
      3.25,
      "i"
    ],
    [
      3.25,
      3.38,
      "l"
    ],
    [
      3.38,
      3.57,
      "z"
    ],
    [
      3.57,
      4.2,
      "sil"
    ]
  ],
  "noise_dataset": null,
  "sentence": "Addition and subtraction are learned skills.",
  "speaker": "mjjn0",
  "speech": "mjjn0_045",
  "speech_dataset": "mocha_timit"
}