{
  "algo": "consensus",
  "labels": [
    [
      0.0,
      0.1,
      "sil"
    ],
    [
      0.1,
      0.13,
      "breath"
    ],
    [
      0.13,
      0.29,
      "sil"
    ],
    [
      0.29,
      0.38,
      "h"
    ],
    [
      0.38,
      0.44,
      "@"
    ],
    [
      0.44,
      0.58,
      "r"
    ],
    [
      0.58,
      0.73,
      "ai"
    ],
    [
      0.73,
      0.83,
      "t"
    ],
    [
      0.83,
      0.91,
      "h"
    ],
    [
      0.91,
      1.04,
      "a"
    ],
    [
      1.04,
      1.12,
      "n"
    ],
    [
      1.12,
      1.24,
      "d"
    ],
    [
      1.24,
      1.39,
      "ei"
    ],
    [
      1.39,
      1.53,
      "k"
    ],
    [
      1.53,
      1.64,
      "s"
    ],
    [
      1.64,
      1.68,
      "w"
    ],
    [
      1.68,
      1.71,
      "e"
    ],
    [
      1.71,
      1.77,
      "n"
    ],
    [
      1.77,
      1.85,
      "e"
    ],
    [
      1.85,
      1.9,
      "v"
    ],
    [
      1.9,
      1.98,
      "@"
    ],
    [
      1.98,
      2.03,
      "dh"
    ],
    [
      2.03,
      2.07,
      "@"
    ],
    [
      2.07,
      2.14,
      "b"
    ],
    [
      2.14,
      2.25,
      "a"
    ],
    [
      2.25,
      2.32,
      "r"
    ],
    [
      2.32,
      2.35,
      "@"
    ],
    [
      2.35,
      2.43,
      "m"
    ],
    [
      2.43,
      2.52,
      "e"
    ],
    [
      2.52,
      2.65,
      "t"
    ],
    [
      2.65,
      2.68,
      "r"
    ],
    [
      2.68,
      2.71,
      "i"
    ],
    [
      2.71,
      2.78,
      "k"
    ],
    [
      2.78,
      2.97,
      "p"
    ],
    [
      2.97,
      3.02,
      "r"
    ],
    [
      3.02,
      3.07,
      "e"
    ],
    [
      3.07,
      3.19,
      "sh"
    ],
    [
      3.19,
      3.25,
      "@"
    ],
    [
      3.25,
      3.37,
      "ch"
    ],
    [
      3.37,
      3.49,
      "ei"
    ],
    [
      3.49,
      3.56,
      "n"
    ],
    [
      3.56,
      3.62,
      "jh"
    ],
    [
      3.62,
      3.71,
      "i"
    ],
    [
      3.71,
      3.9,
      "z"
    ],
    [
      3.9,
      4.7,
      "sil"
    ]
  ],
  "noise_dataset": null,
  "sentence": "Her right hand aches whenever the barometric pressure changes.",
  "speaker": "fsew0",
  "speech": "fsew0_395",
  "speech_dataset": "mocha_timit"
}