{
  "algo": "consensus",
  "labels": [
    [
      0.0,
      0.16,
      "sil"
    ],
    [
      0.16,
      0.32,
      "breath"
    ],
    [
      0.32,
      0.49,
      "sil"
    ],
    [
      0.49,
      0.54,
      "d"
    ],
    [
      0.54,
      0.67,
      "uh"
    ],
    [
      0.67,
      0.78,
      "k"
    ],
    [
      0.78,
      0.85,
      "s"
    ],
    [
      0.85,
      0.9,
      "h"
    ],
    [
      0.9,
      0.98,
      "@"
    ],
    [
      0.98,
      1.08,
      "v"
    ],
    [
      1.08,
      1.15,
      "w"
    ],
    [
      1.15,
      1.25,
      "e"
    ],
    [
      1.25,
      1.32,
      "b"
    ],
    [
      1.32,
      1.38,
      "d"
    ],
    [
      1.38,
      1.48,
      "f"
    ],
    [
      1.48,
      1.66,
      "ii"
    ],
    [
      1.66,
      1.85,
      "t"
    ],
    [
      1.85,
      1.88,
      "@"
    ],
    [
      1.88,
      1.92,
      "n"
    ],
    [
      1.92,
      1.95,
      "d"
    ],
    [
      1.95,
      2.06,
      "k"
    ],
    [
      2.06,
      2.11,
      "uh"
    ],
    [
      2.11,
      2.14,
      "l"
    ],
    [
      2.14,
      2.18,
      "@"
    ],
    [
      2.18,
      2.28,
      "f"
    ],
    [
      2.28,
      2.32,
      "u"
    ],
    [
      2.32,
      2.39,
      "l"
    ],
    [
      2.39,
      2.48,
      "f"
    ],
    [
      2.48,
      2.57,
      "e"
    ],
    [
      2.57,
      2.64,
      "dh"
    ],
    [
      2.64,
      2.72,
      "@"
    ],
    [
      2.72,
      2.9,
      "z"
    ],
    [
      2.9,
      3.95,
      "sil"
    ]
  ],
  "noise_dataset": null,
  "sentence": "Ducks have webbed feet and colorful feathers.",
  "speaker": "fsew0",
  "speech": "fsew0_345",
  "speech_dataset": "mocha_timit"
}