{
  "algo": "consensus",
  "labels": [
    [
      0.0,
      0.16,
      "sil"
    ],
    [
      0.16,
      0.2,
      "breath"
    ],
    [
      0.2,
      0.35,
      "sil"
    ],
    [
      0.35,
      0.42,
      "k"
    ],
    [
      0.42,
      0.53,
      "ii"
    ],
    [
      0.53,
      0.56,
      "p"
    ],
    [
      0.56,
      0.62,
      "dh"
    ],
    [
      0.62,
      0.67,
      "@"
    ],
    [
      0.67,
      0.76,
      "th"
    ],
    [
      0.76,
      0.83,
      "@"
    ],
    [
      0.83,
      0.9,
      "m"
    ],
    [
      0.9,
      0.98,
      "o"
    ],
    [
      0.98,
      1.04,
      "m"
    ],
    [
      1.04,
      1.09,
      "i"
    ],
    [
      1.09,
      1.18,
      "t"
    ],
    [
      1.18,
      1.36,
      "@"
    ],
    [
      1.36,
      1.4,
      "r"
    ],
    [
      1.4,
      1.44,
      "uh"
    ],
    [
      1.44,
      1.55,
      "n"
    ],
    [
      1.55,
      1.59,
      "d"
    ],
    [
      1.59,
      1.63,
      "@"
    ],
    [
      1.63,
      1.74,
      "y"
    ],
    [
      1.74,
      1.8,
      "oo"
    ],
    [
      1.8,
      1.91,
      "t"
    ],
    [
      1.91,
      2.05,
      "uh"
    ],
    [
      2.05,
      2.19,
      "ng"
    ],
    [
      2.19,
      2.95,
      "sil"
    ]
  ],
  "noise_dataset": null,
  "sentence": "Keep the thermometer under your tongue!",
  "speaker": "fsew0",
  "speech": "fsew0_229",
  "speech_dataset": "mocha_timit"
}