{
  "algo": "consensus",
  "labels": [
    [
      0.0,
      0.34,
      "sil"
    ],
    [
      0.34,
      0.48,
      "breath"
    ],
    [
      0.48,
      0.84,
      "sil"
    ],
    [
      0.84,
      0.92,
      "p"
    ],
    [
      0.92,
      0.96,
      "r"
    ],
    [
      0.96,
      0.99,
      "i"
    ],
    [
      0.99,
      1.05,
      "m"
    ],
    [
      1.05,
      1.11,
      "@"
    ],
    [
      1.11,
      1.2,
      "t"
    ],
    [
      1.2,
      1.27,
      "i"
    ],
    [
      1.27,
      1.34,
      "v"
    ],
    [
      1.34,
      1.45,
      "t"
    ],
    [
      1.45,
      1.52,
      "r"
    ],
    [
      1.52,
      1.75,
      "ai"
    ],
    [
      1.75,
      1.83,
      "b"
    ],
    [
      1.83,
      1.91,
      "z"
    ],
    [
      1.91,
      1.95,
      "h"
    ],
    [
      1.95,
      2.04,
      "@"
    ],
    [
      2.04,
      2.07,
      "v"
    ],
    [
      2.07,
      2.12,
      "@"
    ],
    [
      2.12,
      2.18,
      "n"
    ],
    [
      2.18,
      2.31,
      "uh"
    ],
    [
      2.31,
      2.37,
      "p"
    ],
    [
      2.37,
      2.45,
      "b"
    ],
    [
      2.45,
      2.57,
      "ii"
    ],
    [
      2.57,
      2.66,
      "t"
    ],
    [
      2.66,
      2.81,
      "a"
    ],
    [
      2.81,
      2.89,
      "t"
    ],
    [
      2.89,
      2.94,
      "i"
    ],
    [
      2.94,
      3.08,
      "t"
    ],
    [
      3.08,
      3.22,
      "y"
    ],
    [
      3.22,
      3.33,
      "uu"
    ],
    [
      3.33,
      3.47,
      "d"
    ],
    [
      3.47,
      4.2,
      "sil"
    ]
  ],
  "noise_dataset": null,
  "sentence": "Primitive tribes have an upbeat attitude.",
  "speaker": "fjmw0",
  "speech": "fjmw0_087",
  "speech_dataset": "mocha_timit"
}