{
  "algo": "consensus",
  "labels": [
    [
      0.0,
      0.24,
      "sil"
    ],
    [
      0.24,
      0.48,
      "breath"
    ],
    [
      0.48,
      0.88,
      "sil"
    ],
    [
      0.88,
      0.93,
      "dh"
    ],
    [
      0.93,
      0.99,
      "@"
    ],
    [
      0.99,
      1.12,
      "t"
    ],
    [
      1.12,
      1.25,
      "o"
    ],
    [
      1.25,
      1.32,
      "d"
    ],
    [
      1.32,
      1.4,
      "l"
    ],
    [
      1.4,
      1.45,
      "@"
    ],
    [
      1.45,
      1.55,
      "f"
    ],
    [
      1.55,
      1.64,
      "ow"
    ],
    [
      1.64,
      1.73,
      "n"
    ],
    [
      1.73,
      1.76,
      "d"
    ],
    [
      1.76,
      1.84,
      "@"
    ],
    [
      1.84,
      1.94,
      "k"
    ],
    [
      1.94,
      1.98,
      "l"
    ],
    [
      1.98,
      2.08,
      "a"
    ],
    [
      2.08,
      2.18,
      "m"
    ],
    [
      2.18,
      2.33,
      "sh"
    ],
    [
      2.33,
      2.44,
      "e"
    ],
    [
      2.44,
      2.55,
      "l"
    ],
    [
      2.55,
      2.66,
      "n"
    ],
    [
      2.66,
      2.75,
      "i@"
    ],
    [
      2.75,
      2.8,
      "dh"
    ],
    [
      2.8,
      2.85,
      "@"
    ],
    [
      2.85,
      2.95,
      "k"
    ],
    [
      2.95,
      3.04,
      "a"
    ],
    [
      3.04,
      3.1,
      "m"
    ],
    [
      3.1,
      3.16,
      "p"
    ],
    [
      3.16,
      3.28,
      "s"
    ],
    [
      3.28,
      3.47,
      "ai"
    ],
    [
      3.47,
      3.67,
      "t"
    ],
    [
      3.67,
      4.45,
      "sil"
    ]
  ],
  "noise_dataset": null,
  "sentence": "The toddler found a clamshell near the camp site.",
  "speaker": "fjmw0",
  "speech": "fjmw0_451",
  "speech_dataset": "mocha_timit"
}