{
  "algo": "consensus",
  "labels": [
    [
      0.0,
      0.07,
      "sil"
    ],
    [
      0.07,
      0.81,
      "breath"
    ],
    [
      0.81,
      0.95,
      "sil"
    ],
    [
      0.95,
      1.05,
      "m"
    ],
    [
      1.05,
      1.18,
      "uh"
    ],
    [
      1.18,
      1.28,
      "m"
    ],
    [
      1.28,
      1.43,
      "s"
    ],
    [
      1.43,
      1.48,
      "t"
    ],
    [
      1.48,
      1.57,
      "r"
    ],
    [
      1.57,
      1.62,
      "o"
    ],
    [
      1.62,
      1.72,
      "ng"
    ],
    [
      1.72,
      1.76,
      "l"
    ],
    [
      1.76,
      1.82,
      "iy"
    ],
    [
      1.82,
      1.88,
      "d"
    ],
    [
      1.88,
      1.94,
      "i"
    ],
    [
      1.94,
      2.06,
      "s"
    ],
    [
      2.06,
      2.12,
      "l"
    ],
    [
      2.12,
      2.2,
      "ai"
    ],
    [
      2.2,
      2.27,
      "k"
    ],
    [
      2.27,
      2.38,
      "s"
    ],
    [
      2.38,
      2.51,
      "a"
    ],
    [
      2.51,
      2.58,
      "p"
    ],
    [
      2.58,
      2.61,
      "@"
    ],
    [
      2.61,
      2.69,
      "t"
    ],
    [
      2.69,
      2.81,
      "ai"
    ],
    [
      2.81,
      2.92,
      "z"
    ],
    [
      2.92,
      2.96,
      "@"
    ],
    [
      2.96,
      3.0,
      "r"
    ],
    [
      3.0,
      3.16,
      "z"
    ],
    [
      3.16,
      3.95,
      "sil"
    ]
  ],
  "noise_dataset": null,
  "sentence": "Mum strongly dislikes appetizers.",
  "speaker": "mjjn0",
  "speech": "mjjn0_047",
  "speech_dataset": "mocha_timit"
}