{
  "algo": "consensus",
  "labels": [
    [
      0.0,
      0.19,
      "sil"
    ],
    [
      0.19,
      0.23,
      "breath"
    ],
    [
      0.23,
      0.6,
      "sil"
    ],
    [
      0.6,
      0.65,
      "d"
    ],
    [
      0.65,
      0.71,
      "i"
    ],
    [
      0.71,
      0.76,
      "d"
    ],
    [
      0.76,
      0.81,
      "y"
    ],
    [
      0.81,
      0.86,
      "uu"
    ],
    [
      0.86,
      0.91,
      "b"
    ],
    [
      0.91,
      1.07,
      "ai"
    ],
    [
      1.07,
      1.16,
      "e"
    ],
    [
      1.16,
      1.22,
      "n"
    ],
    [
      1.22,
      1.28,
      "iy"
    ],
    [
      1.28,
      1.48,
      "k"
    ],
    [
      1.48,
      1.6,
      "o"
    ],
    [
      1.6,
      1.63,
      "r"
    ],
    [
      1.63,
      1.71,
      "d"
    ],
    [
      1.71,
      1.77,
      "@"
    ],
    [
      1.77,
      1.8,
      "r"
    ],
    [
      1.8,
      1.97,
      "oi"
    ],
    [
      1.97,
      2.09,
      "ou"
    ],
    [
      2.09,
      2.13,
      "v"
    ],
    [
      2.13,
      2.2,
      "@"
    ],
    [
      2.2,
      2.23,
      "r"
    ],
    [
      2.23,
      2.39,
      "o"
    ],
    [
      2.39,
      2.53,
      "l"
    ],
    [
      2.53,
      2.73,
      "z"
    ],
    [
      2.73,
      3.45,
      "sil"
    ]
  ],
  "noise_dataset": null,
  "sentence": "Did you buy any corduroy overalls?",
  "speaker": "ffes0",
  "speech": "ffes0_189",
  "speech_dataset": "mocha_timit"
}