{
  "algo": "consensus",
  "labels": [
    [
      0.0,
      0.09,
      "sil"
    ],
    [
      0.09,
      0.42,
      "breath"
    ],
    [
      0.42,
      0.55,
      "sil"
    ],
    [
      0.55,
      0.63,
      "g"
    ],
    [
      0.63,
      0.68,
      "r"
    ],
    [
      0.68,
      0.81,
      "ou"
    ],
    [
      0.81,
      0.85,
      "i"
    ],
    [
      0.85,
      0.95,
      "ng"
    ],
    [
      0.95,
      1.02,
      "w"
    ],
    [
      1.02,
      1.05,
      "e"
    ],
    [
      1.05,
      1.13,
      "l"
    ],
    [
      1.13,
      1.25,
      "k"
    ],
    [
      1.25,
      1.32,
      "e"
    ],
    [
      1.32,
      1.41,
      "p"
    ],
    [
      1.41,
      1.46,
      "t"
    ],
    [
      1.46,
      1.49,
      "g"
    ],
    [
      1.49,
      1.66,
      "aa"
    ],
    [
      1.66,
      1.71,
      "d"
    ],
    [
      1.71,
      1.83,
      "n"
    ],
    [
      1.83,
      1.87,
      "z"
    ],
    [
      1.87,
      1.94,
      "i"
    ],
    [
      1.94,
      2.03,
      "z"
    ],
    [
      2.03,
      2.07,
      "v"
    ],
    [
      2.07,
      2.14,
      "e"
    ],
    [
      2.14,
      2.17,
      "r"
    ],
    [
      2.17,
      2.26,
      "iy"
    ],
    [
      2.26,
      2.37,
      "t"
    ],
    [
      2.37,
      2.49,
      "ai"
    ],
    [
      2.49,
      2.55,
      "m"
    ],
    [
      2.55,
      2.62,
      "k"
    ],
    [
      2.62,
      2.68,
      "@"
    ],
    [
      2.68,
      2.72,
      "n"
    ],
    [
      2.72,
      2.83,
      "s"
    ],
    [
      2.83,
      2.89,
      "y"
    ],
    [
      2.89,
      2.92,
      "uu"
    ],
    [
      2.92,
      2.99,
      "m"
    ],
    [
      2.99,
      3.02,
      "i"
    ],
    [
      3.02,
      3.11,
      "ng"
    ],
    [
      3.11,
      4.2,
      "sil"
    ]
  ],
  "noise_dataset": null,
  "sentence": "Growing well-kept gardens is very time consuming.",
  "speaker": "msak0",
  "speech": "msak0_381",
  "speech_dataset": "mocha_timit"
}