{
  "algo": "consensus",
  "labels": [
    [
      0.0,
      0.14,
      "sil"
    ],
    [
      0.14,
      0.28,
      "breath"
    ],
    [
      0.28,
      0.43,
      "sil"
    ],
    [
      0.43,
      0.51,
      "t"
    ],
    [
      0.51,
      0.54,
      "r"
    ],
    [
      0.54,
      0.6,
      "e"
    ],
    [
      0.6,
      0.68,
      "s"
    ],
    [
      0.68,
      0.76,
      "p"
    ],
    [
      0.76,
      0.83,
      "@"
    ],
    [
      0.83,
      0.95,
      "s"
    ],
    [
      0.95,
      1.0,
      "i"
    ],
    [
      1.0,
      1.18,
      "ng"
    ],
    [
      1.18,
      1.25,
      "i"
    ],
    [
      1.25,
      1.33,
      "z"
    ],
    [
      1.33,
      1.42,
      "f"
    ],
    [
      1.42,
      1.49,
      "@"
    ],
    [
      1.49,
      1.56,
      "b"
    ],
    [
      1.56,
      1.64,
      "i"
    ],
    [
      1.64,
      1.72,
      "d"
    ],
    [
      1.72,
      1.93,
      "n"
    ],
    [
      1.93,
      1.98,
      "@"
    ],
    [
      1.98,
      2.05,
      "n"
    ],
    [
      2.05,
      2.08,
      "d"
    ],
    [
      2.08,
      2.19,
      "s"
    ],
    [
      2.19,
      2.28,
      "@"
    ],
    [
      2.28,
      2.32,
      "b"
    ],
    [
      2.32,
      2.4,
      "jh"
    ],
    [
      2.4,
      2.5,
      "e"
    ],
    [
      2.5,
      2.54,
      "k"
    ],
    [
      2.54,
      2.58,
      "t"
    ],
    [
      2.58,
      2.62,
      "t"
    ],
    [
      2.62,
      2.65,
      "@"
    ],
    [
      2.65,
      2.77,
      "p"
    ],
    [
      2.77,
      2.82,
      "e"
    ],
    [
      2.82,
      2.85,
      "n"
    ],
    [
      2.85,
      2.94,
      "l"
    ],
    [
      2.94,
      3.06,
      "t"
    ],
    [
      3.06,
      3.19,
      "iy"
    ],
    [
      3.19,
      4.2,
      "sil"
    ]
  ],
  "noise_dataset": null,
  "sentence": "Trespassing is forbidden and subject to penalty.",
  "speaker": "fsew0",
  "speech": "fsew0_123",
  "speech_dataset": "mocha_timit"
}