{
  "algo": "consensus",
  "labels": [
    [
      0.0,
      0.08,
      "sil"
    ],
    [
      0.08,
      0.46,
      "breath"
    ],
    [
      0.46,
      1.34,
      "sil"
    ],
    [
      1.34,
      1.39,
      "dh"
    ],
    [
      1.39,
      1.47,
      "i"
    ],
    [
      1.47,
      1.5,
      "s"
    ],
    [
      1.5,
      1.53,
      "b"
    ],
    [
      1.53,
      1.56,
      "r"
    ],
    [
      1.56,
      1.65,
      "ou"
    ],
    [
      1.65,
      1.68,
      "sh"
    ],
    [
      1.68,
      1.75,
      "uu"
    ],
    [
      1.75,
      1.78,
      "@"
    ],
    [
      1.78,
      1.97,
      "r"
    ],
    [
      1.97,
      2.02,
      "i"
    ],
    [
      2.02,
      2.05,
      "z"
    ],
    [
      2.05,
      2.08,
      "p"
    ],
    [
      2.08,
      2.11,
      "@"
    ],
    [
      2.11,
      2.3,
      "t"
    ],
    [
      2.3,
      2.39,
      "i"
    ],
    [
      2.39,
      2.42,
      "k"
    ],
    [
      2.42,
      2.45,
      "y"
    ],
    [
      2.45,
      2.48,
      "uu"
    ],
    [
      2.48,
      2.51,
      "l"
    ],
    [
      2.51,
      2.54,
      "@"
    ],
    [
      2.54,
      2.57,
      "l"
    ],
    [
      2.57,
      2.6,
      "iy"
    ],
    [
      2.6,
      2.63,
      "i"
    ],
    [
      2.63,
      2.66,
      "n"
    ],
    [
      2.66,
      2.69,
      "f"
    ],
    [
      2.69,
      2.73,
      "oo"
    ],
    [
      2.73,
      2.8,
      "m"
    ],
    [
      2.8,
      2.83,
      "@"
    ],
    [
      2.83,
      2.86,
      "t"
    ],
    [
      2.86,
      2.89,
      "i"
    ],
    [
      2.89,
      2.92,
      "v"
    ],
    [
      2.92,
      2.95,
      "f"
    ],
    [
      2.95,
      2.98,
      "@"
    ],
    [
      2.98,
      3.07,
      "r"
    ],
    [
      3.07,
      3.1,
      "@"
    ],
    [
      3.1,
      3.13,
      "p"
    ],
    [
      3.13,
      3.16,
      "r"
    ],
    [
      3.16,
      3.21,
      "@"
    ],
    [
      3.21,
      3.31,
      "s"
    ],
    [
      3.31,
      3.46,
      "p"
    ],
    [
      3.46,
      3.5,
      "e"
    ],
    [
      3.5,
      3.53,
      "k"
    ],
    [
      3.53,
      3.56,
      "t"
    ],
    [
      3.56,
      3.64,
      "i"
    ],
    [
      3.64,
      3.67,
      "v"
    ],
    [
      3.67,
      3.74,
      "b"
    ],
    [
      3.74,
      3.77,
      "ai"
    ],
    [
      3.77,
      3.82,
      "@"
    ],
    [
      3.82,
      3.85,
      "r"
    ],
    [
      3.85,
      4.7,
      "sil"
    ]
  ],
  "noise_dataset": null,
  "sentence": "This brochure is particularly informative for a prospective buyer.",
  "speaker": "fjmw0",
  "speech": "fjmw0_295",
  "speech_dataset": "mocha_timit"
}