{
  "algo": "consensus",
  "labels": [
    [
      0.0,
      0.07,
      "sil"
    ],
    [
      0.07,
      0.36,
      "breath"
    ],
    [
      0.36,
      1.25,
      "sil"
    ],
    [
      1.25,
      1.51,
      "ai"
    ],
    [
      1.51,
      1.54,
      "r"
    ],
    [
      1.54,
      1.57,
      "i"
    ],
    [
      1.57,
      1.73,
      "sh"
    ],
    [
      1.73,
      1.78,
      "y"
    ],
    [
      1.78,
      1.86,
      "uh"
    ],
    [
      1.86,
      1.94,
      "ng"
    ],
    [
      1.94,
      2.06,
      "s"
    ],
    [
      2.06,
      2.12,
      "t"
    ],
    [
      2.12,
      2.21,
      "@"
    ],
    [
      2.21,
      2.33,
      "z"
    ],
    [
      2.33,
      2.47,
      "ii"
    ],
    [
      2.47,
      2.54,
      "t"
    ],
    [
      2.54,
      2.63,
      "f"
    ],
    [
      2.63,
      2.69,
      "r"
    ],
    [
      2.69,
      2.74,
      "e"
    ],
    [
      2.74,
      2.84,
      "sh"
    ],
    [
      2.84,
      2.92,
      "k"
    ],
    [
      2.92,
      2.99,
      "i"
    ],
    [
      2.99,
      3.05,
      "p"
    ],
    [
      3.05,
      3.1,
      "@"
    ],
    [
      3.1,
      3.21,
      "z"
    ],
    [
      3.21,
      3.25,
      "f"
    ],
    [
      3.25,
      3.31,
      "@"
    ],
    [
      3.31,
      3.41,
      "b"
    ],
    [
      3.41,
      3.48,
      "r"
    ],
    [
      3.48,
      3.56,
      "e"
    ],
    [
      3.56,
      3.64,
      "k"
    ],
    [
      3.64,
      3.72,
      "f"
    ],
    [
      3.72,
      3.83,
      "@"
    ],
    [
      3.83,
      4.01,
      "s"
    ],
    [
      4.01,
      4.11,
      "t"
    ],
    [
      4.11,
      4.95,
      "sil"
    ]
  ],
  "noise_dataset": null,
  "sentence": "Irish youngsters eat fresh kippers for breakfast.",
  "speaker": "fjmw0",
  "speech": "fjmw0_421",
  "speech_dataset": "mocha_timit"
}