{
  "algo": "consensus",
  "labels": [
    [
      0.0,
      0.08,
      "sil"
    ],
    [
      0.08,
      0.14,
      "breath"
    ],
    [
      0.14,
      0.44,
      "sil"
    ],
    [
      0.44,
      0.47,
      "dh"
    ],
    [
      0.47,
      0.5,
      "@"
    ],
    [
      0.5,
      0.63,
      "s"
    ],
    [
      0.63,
      0.68,
      "m"
    ],
    [
      0.68,
      0.79,
      "o"
    ],
    [
      0.79,
      0.83,
      "l"
    ],
    [
      0.83,
      0.87,
      "b"
    ],
    [
      0.87,
      1.01,
      "oi"
    ],
    [
      1.01,
      1.14,
      "p"
    ],
    [
      1.14,
      1.2,
      "u"
    ],
    [
      1.2,
      1.23,
      "t"
    ],
    [
      1.23,
      1.26,
      "dh"
    ],
    [
      1.26,
      1.32,
      "@"
    ],
    [
      1.32,
      1.38,
      "w"
    ],
    [
      1.38,
      1.48,
      "@@"
    ],
    [
      1.48,
      1.51,
      "r"
    ],
    [
      1.51,
      1.6,
      "m"
    ],
    [
      1.6,
      1.69,
      "o"
    ],
    [
      1.69,
      1.75,
      "n"
    ],
    [
      1.75,
      1.78,
      "dh"
    ],
    [
      1.78,
      1.81,
      "@"
    ],
    [
      1.81,
      1.9,
      "h"
    ],
    [
      1.9,
      2.01,
      "u"
    ],
    [
      2.01,
      2.22,
      "k"
    ],
    [
      2.22,
      3.2,
      "sil"
    ]
  ],
  "noise_dataset": null,
  "sentence": "The small boy put the worm on the hook.",
  "speaker": "ffes0",
  "speech": "ffes0_220",
  "speech_dataset": "mocha_timit"
}