{
  "algo": "consensus",
  "labels": [
    [
      0.0,
      0.16,
      "sil"
    ],
    [
      0.16,
      0.59,
      "breath"
    ],
    [
      0.59,
      0.83,
      "sil"
    ],
    [
      0.83,
      0.92,
      "k"
    ],
    [
      0.92,
      0.97,
      "@"
    ],
    [
      0.97,
      1.05,
      "r"
    ],
    [
      1.05,
      1.12,
      "e"
    ],
    [
      1.12,
      1.21,
      "k"
    ],
    [
      1.21,
      1.31,
      "t"
    ],
    [
      1.31,
      1.41,
      "e"
    ],
    [
      1.41,
      1.46,
      "k"
    ],
    [
      1.46,
      1.55,
      "s"
    ],
    [
      1.55,
      1.61,
      "i"
    ],
    [
      1.61,
      1.71,
      "k"
    ],
    [
      1.71,
      1.79,
      "y"
    ],
    [
      1.79,
      1.84,
      "uu"
    ],
    [
      1.84,
      1.98,
      "sh"
    ],
    [
      1.98,
      2.01,
      "n"
    ],
    [
      2.01,
      2.06,
      "@"
    ],
    [
      2.06,
      2.13,
      "v"
    ],
    [
      2.13,
      2.18,
      "m"
    ],
    [
      2.18,
      2.31,
      "ai"
    ],
    [
      2.31,
      2.34,
      "i"
    ],
    [
      2.34,
      2.38,
      "n"
    ],
    [
      2.38,
      2.47,
      "s"
    ],
    [
      2.47,
      2.55,
      "t"
    ],
    [
      2.55,
      2.6,
      "r"
    ],
    [
      2.6,
      2.67,
      "uh"
    ],
    [
      2.67,
      2.75,
      "k"
    ],
    [
      2.75,
      2.86,
      "sh"
    ],
    [
      2.86,
      2.98,
      "n"
    ],
    [
      2.98,
      3.1,
      "z"
    ],
    [
      3.1,
      3.17,
      "i"
    ],
    [
      3.17,
      3.27,
      "z"
    ],
    [
      3.27,
      3.41,
      "k"
    ],
    [
      3.41,
      3.46,
      "r"
    ],
    [
      3.46,
      3.55,
      "uu"
    ],
    [
      3.55,
      3.68,
      "sh"
    ],
    [
      3.68,
      3.72,
      "@"
    ],
    [
      3.72,
      3.86,
      "l"
    ],
    [
      3.86,
      4.95,
      "sil"
    ]
  ],
  "noise_dataset": null,
  "sentence": "Correct execution of my instructions is crucial.",
  "speaker": "fjmw0",
  "speech": "fjmw0_149",
  "speech_dataset": "mocha_timit"
}