{
  "algo": "consensus",
  "labels": [
    [
      0.0,
      0.06,
      "sil"
    ],
    [
      0.06,
      0.5,
      "breath"
    ],
    [
      0.5,
      0.79,
      "sil"
    ],
    [
      0.79,
      0.84,
      "d"
    ],
    [
      0.84,
      0.9,
      "i"
    ],
    [
      0.9,
      1.0,
      "s"
    ],
    [
      1.0,
      1.12,
      "e"
    ],
    [
      1.12,
      1.2,
      "m"
    ],
    [
      1.2,
      1.23,
      "b"
    ],
    [
      1.23,
      1.26,
      "@"
    ],
    [
      1.26,
      1.31,
      "r"
    ],
    [
      1.31,
      1.38,
      "@"
    ],
    [
      1.38,
      1.45,
      "n"
    ],
    [
      1.45,
      1.48,
      "d"
    ],
    [
      1.48,
      1.52,
      "jh"
    ],
    [
      1.52,
      1.69,
      "a"
    ],
    [
      1.69,
      1.77,
      "n"
    ],
    [
      1.77,
      1.83,
      "y"
    ],
    [
      1.83,
      1.86,
      "uu"
    ],
    [
      1.86,
      1.89,
      "@"
    ],
    [
      1.89,
      2.06,
      "r"
    ],
    [
      2.06,
      2.25,
      "iy"
    ],
    [
      2.25,
      2.32,
      "@"
    ],
    [
      2.32,
      2.56,
      "n"
    ],
    [
      2.56,
      2.61,
      "ii"
    ],
    [
      2.61,
      2.74,
      "s"
    ],
    [
      2.74,
      2.8,
      "m"
    ],
    [
      2.8,
      2.89,
      "uh"
    ],
    [
      2.89,
      2.97,
      "n"
    ],
    [
      2.97,
      3.03,
      "th"
    ],
    [
      3.03,
      3.09,
      "s"
    ],
    [
      3.09,
      3.16,
      "t"
    ],
    [
      3.16,
      3.21,
      "@"
    ],
    [
      3.21,
      3.31,
      "s"
    ],
    [
      3.31,
      3.39,
      "p"
    ],
    [
      3.39,
      3.48,
      "e"
    ],
    [
      3.48,
      3.59,
      "n"
    ],
    [
      3.59,
      3.64,
      "d"
    ],
    [
      3.64,
      3.7,
      "i"
    ],
    [
      3.7,
      3.73,
      "n"
    ],
    [
      3.73,
      3.8,
      "m"
    ],
    [
      3.8,
      3.96,
      "ai"
    ],
    [
      3.96,
      4.06,
      "a"
    ],
    [
      4.06,
      4.15,
      "m"
    ],
    [
      4.15,
      4.32,
      "iy"
    ],
    [
      4.32,
      5.2,
      "sil"
    ]
  ],
  "noise_dataset": null,
  "sentence": "December and January are nice months to spend in Miami.",
  "speaker": "fjmw0",
  "speech": "fjmw0_136",
  "speech_dataset": "mocha_timit"
}