{
  "algo": "consensus",
  "labels": [
    [
      0.0,
      0.06,
      "sil"
    ],
    [
      0.06,
      0.89,
      "breath"
    ],
    [
      0.89,
      0.93,
      "sil"
    ],
    [
      0.93,
      1.05,
      "h"
    ],
    [
      1.05,
      1.14,
      "ow"
    ],
    [
      1.14,
      1.19,
      "d"
    ],
    [
      1.19,
      1.32,
      "ou"
    ],
    [
      1.32,
      1.49,
      "oi"
    ],
    [
      1.49,
      1.56,
      "s"
    ],
    [
      1.56,
      1.65,
      "t"
    ],
    [
      1.65,
      1.68,
      "@"
    ],
    [
      1.68,
      1.72,
      "r"
    ],
    [
      1.72,
      1.81,
      "z"
    ],
    [
      1.81,
      1.85,
      "m"
    ],
    [
      1.85,
      1.93,
      "ei"
    ],
    [
      1.93,
      1.98,
      "k"
    ],
    [
      1.98,
      2.12,
      "p"
    ],
    [
      2.12,
      2.22,
      "@@"
    ],
    [
      2.22,
      2.27,
      "r"
    ],
    [
      2.27,
      2.39,
      "l"
    ],
    [
      2.39,
      2.55,
      "z"
    ],
    [
      2.55,
      3.45,
      "sil"
    ]
  ],
  "noise_dataset": null,
  "sentence": "How do oysters make pearls?",
  "speaker": "mjjn0",
  "speech": "mjjn0_200",
  "speech_dataset": "mocha_timit"
}