{
  "algo": "consensus",
  "labels": [
    [
      0.0,
      0.26,
      "sil"
    ],
    [
      0.26,
      0.52,
      "breath"
    ],
    [
      0.52,
      0.64,
      "sil"
    ],
    [
      0.64,
      0.75,
      "h"
    ],
    [
      0.75,
      0.78,
      "i"
    ],
    [
      0.78,
      0.86,
      "z"
    ],
    [
      0.86,
      0.96,
      "f"
    ],
    [
      0.96,
      1.11,
      "ei"
    ],
    [
      1.11,
      1.15,
      "l"
    ],
    [
      1.15,
      1.22,
      "y"
    ],
    [
      1.22,
      1.27,
      "@"
    ],
    [
      1.27,
      1.36,
      "t"
    ],
    [
      1.36,
      1.39,
      "@"
    ],
    [
      1.39,
      1.54,
      "ou"
    ],
    [
      1.54,
      1.62,
      "p"
    ],
    [
      1.62,
      1.65,
      "@"
    ],
    [
      1.65,
      1.72,
      "n"
    ],
    [
      1.72,
      1.75,
      "dh"
    ],
    [
      1.75,
      1.78,
      "@"
    ],
    [
      1.78,
      1.85,
      "s"
    ],
    [
      1.85,
      1.91,
      "t"
    ],
    [
      1.91,
      2.05,
      "oo"
    ],
    [
      2.05,
      2.11,
      "b"
    ],
    [
      2.11,
      2.2,
      "ai"
    ],
    [
      2.2,
      2.45,
      "ei"
    ],
    [
      2.45,
      2.53,
      "t"
    ],
    [
      2.53,
      2.63,
      "k"
    ],
    [
      2.63,
      2.67,
      "o"
    ],
    [
      2.67,
      2.75,
      "s"
    ],
    [
      2.75,
      2.79,
      "t"
    ],
    [
      2.79,
      2.82,
      "h"
    ],
    [
      2.82,
      2.87,
      "i"
    ],
    [
      2.87,
      2.9,
      "m"
    ],
    [
      2.9,
      2.93,
      "h"
    ],
    [
      2.93,
      3.01,
      "i"
    ],
    [
      3.01,
      3.08,
      "z"
    ],
    [
      3.08,
      3.16,
      "jh"
    ],
    [
      3.16,
      3.31,
      "ou"
    ],
    [
      3.31,
      3.39,
      "b"
    ],
    [
      3.39,
      4.2,
      "sil"
    ]
  ],
  "noise_dataset": null,
  "sentence": "His failure to open the store by eight cost him his job.",
  "speaker": "msak0",
  "speech": "msak0_236",
  "speech_dataset": "mocha_timit"
}