{
  "algo": "consensus",
  "labels": [
    [
      0.0,
      0.3,
      "sil"
    ],
    [
      0.3,
      0.64,
      "breath"
    ],
    [
      0.64,
      0.74,
      "sil"
    ],
    [
      0.74,
      0.86,
      "k"
    ],
    [
      0.86,
      0.93,
      "a"
    ],
    [
      0.93,
      1.0,
      "n"
    ],
    [
      1.0,
      1.03,
      "dh"
    ],
    [
      1.03,
      1.06,
      "@"
    ],
    [
      1.06,
      1.26,
      "ei"
    ],
    [
      1.26,
      1.36,
      "jh"
    ],
    [
      1.36,
      1.39,
      "@"
    ],
    [
      1.39,
      1.43,
      "n"
    ],
    [
      1.43,
      1.56,
      "s"
    ],
    [
      1.56,
      1.65,
      "iy"
    ],
    [
      1.65,
      1.74,
      "ou"
    ],
    [
      1.74,
      1.81,
      "v"
    ],
    [
      1.81,
      1.86,
      "@"
    ],
    [
      1.86,
      1.99,
      "th"
    ],
    [
      1.99,
      2.02,
      "r"
    ],
    [
      2.02,
      2.13,
      "ou"
    ],
    [
      2.13,
      2.28,
      "ei"
    ],
    [
      2.28,
      2.32,
      "l"
    ],
    [
      2.32,
      2.39,
      "ii"
    ],
    [
      2.39,
      2.42,
      "@"
    ],
    [
      2.42,
      2.49,
      "n"
    ],
    [
      2.49,
      2.59,
      "f"
    ],
    [
      2.59,
      2.73,
      "oo"
    ],
    [
      2.73,
      2.86,
      "s"
    ],
    [
      2.86,
      2.91,
      "i"
    ],
    [
      2.91,
      3.09,
      "z"
    ],
    [
      3.09,
      3.95,
      "sil"
    ]
  ],
  "noise_dataset": null,
  "sentence": "Can the agency overthrow alien forces?",
  "speaker": "msak0",
  "speech": "msak0_267",
  "speech_dataset": "mocha_timit"
}