{
  "algo": "consensus",
  "labels": [
    [
      0.0,
      0.14,
      "sil"
    ],
    [
      0.14,
      0.3,
      "breath"
    ],
    [
      0.3,
      0.45,
      "sil"
    ],
    [
      0.45,
      0.54,
      "s"
    ],
    [
      0.54,
      0.66,
      "p"
    ],
    [
      0.66,
      0.73,
      "r"
    ],
    [
      0.73,
      0.76,
      "i"
    ],
    [
      0.76,
      0.89,
      "ng"
    ],
    [
      0.89,
      1.0,
      "s"
    ],
    [
      1.0,
      1.06,
      "t"
    ],
    [
      1.06,
      1.1,
      "r"
    ],
    [
      1.1,
      1.23,
      "ii"
    ],
    [
      1.23,
      1.3,
      "t"
    ],
    [
      1.3,
      1.39,
      "i"
    ],
    [
      1.39,
      1.44,
      "z"
    ],
    [
      1.44,
      1.52,
      "s"
    ],
    [
      1.52,
      1.59,
      "t"
    ],
    [
      1.59,
      1.64,
      "r"
    ],
    [
      1.64,
      1.73,
      "ei"
    ],
    [
      1.73,
      1.8,
      "t"
    ],
    [
      1.8,
      1.87,
      "@"
    ],
    [
      1.87,
      1.93,
      "h"
    ],
    [
      1.93,
      2.07,
      "e"
    ],
    [
      2.07,
      2.17,
      "d"
    ],
    [
      2.17,
      3.19,
      "sil"
    ]
  ],
  "noise_dataset": null,
  "sentence": "Spring Street is straight ahead.",
  "speaker": "fsew0",
  "speech": "fsew0_072",
  "speech_dataset": "mocha_timit"
}