{
  "algo": "consensus",
  "labels": [
    [
      0.0,
      0.09,
      "sil"
    ],
    [
      0.09,
      0.19,
      "breath"
    ],
    [
      0.19,
      0.57,
      "sil"
    ],
    [
      0.57,
      0.63,
      "d"
    ],
    [
      0.63,
      0.68,
      "ou"
    ],
    [
      0.68,
      0.81,
      "y"
    ],
    [
      0.81,
      0.86,
      "uu"
    ],
    [
      0.86,
      0.89,
      "h"
    ],
    [
      0.89,
      0.96,
      "i"
    ],
    [
      0.96,
      0.99,
      "r"
    ],
    [
      0.99,
      1.02,
      "dh"
    ],
    [
      1.02,
      1.06,
      "@"
    ],
    [
      1.06,
      1.24,
      "s"
    ],
    [
      1.24,
      1.27,
      "l"
    ],
    [
      1.27,
      1.37,
      "ei"
    ],
    [
      1.37,
      1.43,
      "b"
    ],
    [
      1.43,
      1.51,
      "e"
    ],
    [
      1.51,
      1.64,
      "l"
    ],
    [
      1.64,
      1.72,
      "z"
    ],
    [
      1.72,
      1.75,
      "r"
    ],
    [
      1.75,
      1.8,
      "i"
    ],
    [
      1.8,
      1.9,
      "ng"
    ],
    [
      1.9,
      1.93,
      "i"
    ],
    [
      1.93,
      2.09,
      "ng"
    ],
    [
      2.09,
      3.2,
      "sil"
    ]
  ],
  "noise_dataset": null,
  "sentence": "Do you hear the sleigh bells ringing?",
  "speaker": "ffes0",
  "speech": "ffes0_211",
  "speech_dataset": "mocha_timit"
}